Date,Pond,Location,Bait_Type,Trap_Type,Observer,Notes,C_ID,S_ID,T_ID
8/11/2003,SPG,Dam SE end,,bask-p,Karrmann,Dorsal offset; adult Cp swimming at east end of dam Migrant - in ALM 02 JUL 04,1,,
7/2/2004,ALM,BMI,,bask-p,Karrmann,Migrant - in SPG 11 AUG 03,2,2,2
8/3/2004,ALM,BMI,,bask-m,Karrmann,DISALIGNMENT BUT NO BLOTCHING Migrant - in SPG 11 AUG 03,3,3,3
9/16/2004,ALM,BMI,,bask-m,Karrmann,Migrant - in SPG 11 AUG 03,4,3,1
8/24/2003,ALM,SE corner,,snrkl,Karrmann,"small natural looking notches on L11,12; mass originally recorded as 297 g",5,5,4
8/7/2004,ALM,BMI,,snrkl,Karrmann,"RC-2 ABRADED, LC2-3 SCRAPED BY TOOTH , NOT SHED",6,6,4
9/16/2004,ALM,BMI,,bask-p,Karrmann,"Malformed V3,4; Pre-shed",7,7,4
9/26/2004,ALM,BMI,,bask-p,Karrmann,shedding,8,8,4
9/28/2002,ALM,BMI,,bask-p,Karrmann,pit added 02 JUN 03,9,9,5
5/10/2003,ALM,Arthur's Inlet,,bask-p,Karrmann,,10,10,5
7/22/2006,ALM,,,Hoop,WS - Team 2,,11,11,5
8/29/2006,ALM,,,Hoop,ws,RAINING,12,12,6
8/24/2003,ALM,SE corner,,snrkl,Karrmann,leech removed sent to Siddall's lab,13,13,7
6/10/2011,ALM,dock,,Hoop,"RC, KP, SG",notches may just be broken parts,14,14,8
7/25/2003,ALM,BMI,,Hoop,Karrmann,,15,15,9
8/5/2008,ALM,Cove,,Hoop,,,16,16,10
5/25/2010,ALM,Cove,,Hoop,NYU-ECE w/ MM,,17,17,11
8/3/2003,ART,South Inlet,,bask-p,Karrmann,"Ramp damaged, pushed up on top of hoop post",18,18,12
7/24/2013,JIM,,,Hoop,Falk/Florio,,19,19,13
6/13/2004,ALM,BMI,,Hoop,Karrmann,TUMOR GROWTH ON CHEEKS,20,20,14
6/21/2004,ALM,BMI,,Hoop,Karrmann,tumor on cheecks,21,21,14
7/2/2004,ALM,BMI,,snrkl,Karrmann,Tumor on each side of cheek,22,22,14
7/5/2004,ALM,BMI,,Hoop,Karrmann,"tumor on each cheek turtle was trying to get into hoop trap, caught with hand net. Reset",23,23,14
7/12/2004,ALM,BMI,,snrkl,Karrmann,L1? L9/10? Lumps on cheek,24,24,14
7/24/2004,ALM,BMI,,bask-m,Karrmann,MUMPS,25,25,14
8/7/2004,ALM,BMI,,Hoop,Karrmann,MUMPS,26,24,14
8/24/2004,ALM,BMI,,bask-m,Munson,Growth on cheeks,27,27,15
9/1/2004,ALM,BMI,,bask-m,Karrmann,,28,28,14
9/16/2004,ALM,BMI,,bask-m,Karrmann,"Notch between L9,10 may be natural; mumps",29,29,14
7/18/2006,ALM,Dam -- NW Corner,,Hoop,,Growth on upper right side of head,30,30,16
7/15/2008,ALM,Dam,,Hoop,,,31,31,16
5/25/2010,ALM,Cove,,Hoop,NYU-ECE w/ MM,,32,17,11
6/15/2010,ALM,Cove,,Hoop,MV,,33,33,14
6/22/2010,ALM,Cove,,Hoop,WS,,34,34,14
6/23/2010,ALM,Dam Cove,,Hoop,"MV, KP",,35,35,14
6/26/2010,ALM,Cove,,Hoop,"MV, JB","scar, front right plastron",36,36,14
7/7/2010,ALM,Dam Cove,,Hoop,"MV, JB",9/10 not real notch,37,37,14
7/14/2010,ALM,Dam Cove,,Hoop,"MV, WS, MM",,38,38,14
7/29/2010,ALM,Damside,,Hoop,,,39,39,14
6/10/2011,ALM,damside,,Hoop,"MV, JS, RC, KP, SG",,40,40,14
6/17/2011,ALM,damside,,Hoop,"MV, JS. SG",,41,40,14
6/22/2011,ALM,dock,,Hoop,"MV, PW",,42,20,14
7/13/2011,ALM,sweet spot,,Hoop,MM,,43,42,14
9/15/2002,ALM,BMI,,bask-p,Karrmann,PIT added 15 AUG 03,44,43,18
5/10/2003,ALM,Swamp Trail Inlet,,Hoop,Karrmann,PIT added 15 AUG 03,45,43,18
7/19/2003,ALM,BMI,,Hoop,Karrmann\ Schuster,,46,45,19
5/15/2004,ALM,DAM,,Hoop,Karrmann,picture,47,46,19
6/13/2004,ALM,BMI,,Hoop,Karrmann,,48,47,20
7/15/2008,ALM,Dam,,Hoop,,,49,31,16
5/25/2010,ALM,Boat Launch,,Hoop,NYU-ECE w/ MM,,50,49,20
6/22/2010,ALM,Dam Cove,,Hoop,WS,,51,50,20
7/14/2010,ALM,by beach,,Hoop,MM,"leech on shell, aggressive",52,51,20
6/10/2011,ALM,dock,,Hoop,"RC, KP, SG",,53,52,22
6/15/2011,ALM,dock,,Hoop,"MV, JS. SG",chip btw 8 and 9,54,53,23
6/22/2011,ALM,dock,,Hoop,"MV, PW",,55,20,14
7/17/2014,,NE,Catfood,,"EM, SSC",,56,55,18
7/22/2014,,E,Catfood,,"EM, SSC",,57,56,18
6/17/1996,ALM,Swamp Trail Inlet,,Hoop,Brady,PIT added 12 OCT 03,58,57,24
6/24/1997,ALM,,,Hoop,McKinsey,too small for PIT PIT added 12 OCT 03,59,58,25
9/7/2002,ALM,BMI,,bask-p,Karrmann,Notches old and worn PIT added 12 OCT 03,60,59,26
9/28/2003,ALM,BMI,,Hoop,Karrmann,ventral margin VERY RED,61,60,26
8/3/2004,ALM,BMI,,bask-p,Karrmann,,62,61,26
8/14/2004,ALM,BMI,,Hoop,Karrmann,VERY OLD SAW NOTCH,63,62,26
6/15/2010,ALM,Cove,,Hoop,MV,,64,33,14
7/14/2010,ALM,Dam Cove,,Hoop,"MV, WS, MM",,65,38,14
7/29/2010,ALM,Damside,,Hoop,,,66,39,14
6/23/2011,ALM,dock,,Hoop,"MV, RC",,67,66,26
7/27/2011,ALM,damside,,Hoop,"MV, CR",shedding,68,67,26
9/7/2002,ALM,BMI,,bask-p,Karrmann,"R7 old and worn, added L11 and R8",69,68,28
9/29/2002,ALM,BMI,,bask-p,Holmes,,70,69,29
6/21/2004,ALM,BMI,,Hoop,Karrmann,,71,70,28
7/9/2004,ALM,BMI,,snrkl,Karrmann,A turtle was basking before entering into the trap,72,71,28
8/24/2004,ALM,BMI,,bask-m,Munson,,73,72,30
7/22/2006,ALM,,,Hoop,WS - Team Turtle,Slight Purple Plastron,74,73,28
7/20/2011,SUT,far side,,Hoop,"MV, SG",,75,74,31
7/24/2014,,E,Catfood,,"EM, SSC",,76,75,32
7/16/2015,ALM,,,Hoop,,"cloaca - 18.55, Tail - 51.49",77,76,32
7/17/2015,ALM,East,,Hoop,,2015 - recorded as Css,78,77,32
7/17/2014,,NE,Catfood,,"EM, SSC",0,79,78,33
7/23/2014,,E,Tuna,,"EM, SSC",,80,79,33
7/9/2015,ALM,East,,Hoop,SSC,Catfood,81,80,33
7/16/2015,ALM,NW,,Hoop,,"cloaca - 24.00, Tail - 55.18",82,81,33
8/25/2015,ALM,,,Hoop,,Hisses,83,82,34
8/27/2015,ALM,,,Hoop,,Recapture 8/25,84,83,34
6/10/2011,ALM,damside,,Hoop,"MV, JS, RC, KP, SG",,85,40,14
7/7/2010,UPR,fallen tree,,Hoop,,,86,85,36
7/29/2010,SUT,by flat rock,,Hoop,,"hissing & snapping; very aggressive, shedding",87,86,37
7/13/2011,SUT,dock,,Hoop,"MV, MM",aggressive,88,87,38
7/14/2011,SUT,far side,,Hoop,"MV, RC",,89,87,38
7/20/2011,SUT,far side,,Hoop,"MV, SG",aggressive,90,88,38
7/8/2015,ART,East,,Hoop,SSC,Sardines,91,89,40
7/17/2015,,,,Hoop,,"cloaca - 10.34, Tail - 46.25",92,90,41
7/22/1997,ALM,,,Hoop,McKinsey,,93,91,42
7/9/2004,ALM,BMI,,snrkl,Karrmann,blood was taken,94,92,43
9/1/2004,ALM,BMI,,bask-p,Karrmann,,95,93,43
8/29/2006,ALM,,,Hoop,ws,RAINING,96,12,6
7/15/2008,ALM,Cove,,Hoop,,,97,95,45
8/5/2008,ALM,Picknic rock,,Hoop,,,98,96,45
7/29/2010,ALM,Damside,,Hoop,,,99,39,14
7/9/2004,SUT,West side,,hoop,Karrmann,L9 to L11 recently damaged (blood),100,98,46
7/11/2004,SUT,swim,,bask-p,Karrmann,L9-11: damaged,101,,
6/22/2010,SPG,Damside,,Hoop,,,102,100,48
7/26/2013,TMR,,,Hoop,Falk/Florio,,103,101,49
9/21/1996,ALM,Arthur's Inlet,,Hoop,Brady,pit added 02 JUN 03,104,102,50
6/13/1997,ALM,,,Hoop,McKinsey,,105,103,51
6/30/1997,ALM,,,Hoop,McKinsey,,106,104,52
6/15/2010,ALM,Cove,,Hoop,MV,,107,33,14
6/2/1996,ALM,South End,,Hoop,Brady,PIT # added 02 JUN 03,108,106,54
6/24/1997,ALM,,,Hoop,McKinsey,"previously notched 0-(2,9)",109,107,55
7/19/2006,ALM,Swamp Trail Inlet,,Hoop,,End of tail bit off.,110,108,56
7/10/2002,ALM,Swamp Trail Inlet,,Hoop,Karrmann,,111,109,57
8/15/2002,ALM,BMI,,bask-p,Karrmann,,112,110,58
9/15/2002,ALM,BMI,,bask-p,Karrmann,,113,111,58
5/4/2003,ALM,Swamp Trail Inlet,,Hoop,Karrmann,"13 carapace on left side, 12 on the right; notches erroneously recorded as ""new""",114,112,59
7/12/2003,ALM,BMI,,bask-p,Karrmann,dorsal disalignment,115,113,60
8/30/2003,ALM,BMI,,Hoop,Karrmann,turtles surface basking,116,114,61
6/21/2004,ALM,BMI,,bask-p,Karrmann,found in bask,117,115,59
7/18/2006,ALM,Swamp Trail Inlet,,Hoop,,,118,116,62
7/22/2006,ALM,,,Hoop,WS - Team Turtle,,119,117,59
8/29/2006,ALM,,,Hoop,ws,RAINING,120,12,6
7/15/2008,ALM,Cove,,Hoop,,,121,95,45
5/25/2010,ALM,Cove,,Hoop,NYU-ECE w/ MM,,122,17,11
6/23/2010,ALM,Cove,,Hoop,"MV, KP",,123,121,65
6/26/2010,ALM,Cove,,Hoop,"MV, JB",,124,122,59
6/14/2011,ALM,dock,,Hoop,"MV, JS. SG",,125,123,65
6/17/2011,ALM,dock,,Hoop,"MV, JS. SG",,126,123,65
6/23/2011,ALM,dock,,Hoop,"MV, RC",,127,66,26
5/21/2013,ALM,Picnic Rock,,Hoop,"MM, NYU",,128,124,63
8/28/2013,ALM,A NW,,Hoop,SRMP TEAM 2013,,129,125,58
7/22/2014,,E,Tuna,,"EM, SSC",,130,126,58
7/10/1997,ALM,,,Hoop,McKinsey,,131,127,66
6/1/2002,ALM,Arthur's Inlet,,Hand,Karrmann,,132,128,67
8/3/2003,ALM,BMI,,snrkl,Karrmann,,133,129,68
7/19/2006,ALM,Picnic Rock,,Hoop,,,134,130,69
8/5/2008,ALM,Picknic rock,,Hoop,,,135,96,45
7/25/2014,,E,Catfood,,"EM, SSC",,136,132,67
9/22/2002,ALM,BMI,,bask-p,Karrmann,"No front right leg. Developmental, not traumatic",137,133,70
9/28/2002,ALM,BMI,,bask-p,Karrmann,Front right leg missing/natural,138,134,71
6/21/2004,ALM,BMI,,snrkl,Karrmann,Front right leg missing/natural. Congenital. Notch R3 damage. Plastron R6 hole,139,135,71
6/25/2004,ALM,BMI,,snrkl,Karrmann,"FRONT RIGHT LEG MISSING, PUNCHER SMALL HOLE ON PLASTON 5R",140,136,72
6/14/1997,ALM,,,Hoop,McKinsey,previously notched 4-3,141,137,73
6/16/1997,ALM,,,Hoop,McKinsey,,142,138,74
7/9/2004,ALM,BMI,,snrkl,Karrmann,,143,139,75
7/11/2004,ALM,BMI,,snrkl,Karrmann,,144,140,76
7/18/2006,ALM,Picnic Rock,,Hoop,,,145,141,77
7/21/2011,SUT,swamp,,Hoop,"MV, RC, SG",,146,142,78
7/7/2015,SUT,,,Hoop,SSC,Catfood,147,143,79
7/9/2015,SUT,,,Hoop,SSC - Ed,Sardines,148,144,80
7/14/2015,SUT,North,,Hoop,,"cloaca - 12.81, Tail - 42.0",149,145,80
7/16/2015,SUT,NE,,Hoop,,"cloaca - 14.16, Tail - 47.27",150,146,78
7/5/2004,ALM,BMI,,bask-p,Karrmann,,151,147,82
8/14/2004,ALM,BMI,,snrkl,Karrmann,,152,148,82
8/29/2006,ALM,,,Hoop,ws,RAINING,153,12,6
6/14/1997,ALM,,,Hoop,McKinsey,previously notched 0-1,154,150,84
6/28/1998,ALM,,,Hoop,Brady,pit added on 03 JUN 03,155,151,85
8/15/2002,ALM,Swamp Trail Inlet,,Hoop,Karrmann,Indents on plastron,156,152,84
7/12/2003,ALM,BMI,,bask-p,Karrmann,two basking Cp at sweet spot,157,152,84
7/19/2003,ALM,BMI,,Hoop,Karrmann\ Schuster,,158,45,19
9/26/2004,ALM,BMI,,bask-p,Karrmann,,159,155,84
8/5/2008,ALM,Dam Side,,Hoop,,,160,156,86
6/17/2011,ALM,damside,,Hoop,"MV, JS. SG",,161,40,14
7/13/2011,ALM,sweet spot,,Hoop,MM,"both front legs bitten off at knee joint, wound still bleeding",162,158,84
5/21/2013,ALM,Dam Cove,,Hoop,"MM, NYU",No front claws,163,159,84
8/28/2013,ALM,C East,,Hoop,SRMP TEAM 2013,,164,160,85
7/23/2014,,E,catfood,,"EM, SSC",Missing both front feet,165,161,85
6/15/1997,ALM,,,Hoop,McKinsey,,166,162,87
8/14/2004,ALM,BMI,,bask-m,Karrmann,,167,163,88
7/24/2004,ALM,BMI,,snrkl,Karrmann,,168,164,89
6/27/1997,ALM,,,Hoop,McKinsey,,169,165,90
7/8/2015,ALM,,,Hoop,SSC - Ed,Catfood,170,166,91
6/26/1997,ALM,,,Hoop,McKinsey,,171,167,92
9/6/2001,ALM,,,Hoop,Munson,new?,172,168,93
7/19/2006,ALM,West Side,,Hoop,,,173,169,94
7/15/2008,ALM,Sweet Spot,,Hoop,,,174,170,94
8/5/2008,ALM,Dam Side,,Hoop,,,175,156,86
6/10/2011,ALM,damside,,Hoop,"MV, JS, RC, KP, SG",,176,40,14
9/16/2004,ALM,BMI,,bask-m,Karrmann,,177,173,97
5/21/2013,ALM,Dam Cove,,Hoop,"MM, NYU",,178,174,98
7/22/2013,ALM,INLET,,Hoop,Falk/Florio,,179,175,99
8/28/2014,ALM,,,Hoop,SRMP TEAM 2014,,180,176,98
7/9/2015,ALM,East,,Hoop,SSC,Sardines,181,177,99
6/24/1997,ALM,,,Hoop,McKinsey,,182,178,100
7/15/2003,ALM,BMI,,Hoop,Karrmann,,183,179,101
7/31/2004,ALM,BMI,,Hoop,Karrmann,MISSED PLASTRON MEASUREMENT,184,180,100
9/21/1996,ALM,Arthur's Inlet,,Hoop,Brady,PIT added 29AUG03,185,151,102
6/25/1997,ALM,,,Hoop,McKinsey,"previously notched 0(4,11)",186,181,103
7/31/2000,ALM,Swamp Trail Inlet,,Hoop,CERC,"dorsal carapace very purple,R4 healed PIT added 29AUG03",187,182,102
7/31/2004,ALM,BMI,,bask-m,Karrmann,R4? 113938471A,188,183,103
8/14/2004,ALM,BMI,,bask-m,Karrmann,OLD SAW NOTCH V5 CHIPPED,189,184,103
7/22/2006,ALM,,,Hoop,WS - Team Turtle,,190,117,59
6/23/2011,ALM,dock,,Hoop,"MV, RC",big chip on R11,191,186,103
7/5/2004,ALM,BMI,,bask-m,Karrmann,,192,187,104
8/3/2004,ALM,BMI,,bask-m,Karrmann,,193,188,104
9/14/1996,ALM,Arthur's Inlet,,Hoop,Brady,pit added on 03 JUN 03,194,151,105
6/19/1997,ALM,,,Hoop,McKinsey,"previously notched 0-4,5",195,189,106
9/16/2004,ALM,BMI,,bask-m,Karrmann,,196,173,97
7/19/2006,ALM,Picnic Rock,,Hoop,,,197,130,69
9/21/1996,ALM,Arthur's Inlet,,Hoop,Brady,pit added 02 JUN 03,198,102,50
6/13/1997,ALM,,,Hoop,McKinsey,previously notched 10-10,199,181,110
6/14/1997,ALM,,,Hoop,McKinsey,,200,165,111
7/15/2003,ALM,BMI,,Hoop,Karrmann,natural notch on L8,201,194,112
7/17/2004,ALM,INLET QUARY,,Hoop,Karrmann/ Schuster,TWO TRAPS- THREE TURTLES,202,195,113
9/16/2004,ALM,BMI,,bask-m,Karrmann,,203,173,97
7/27/2011,ALM,beach,,Hoop,"MV, CR",,204,197,113
5/21/2013,ALM,Dam Cove,,Hoop,"MM, NYU",,205,174,98
8/25/2015,ALM,,,Hoop,,,206,199,114
6/22/2002,ALM,Arthur's Inlet,,bask-p,Karrmann,,207,200,115
9/15/2002,ALM,BMI,,bask-p,Karrmann,,208,111,58
9/22/2002,ALM,BMI,,bask-p,Karrmann,,209,202,117
10/13/2002,ALM,BMI,,bask-p,Karrmann,,210,201,116
8/7/2004,ALM,BMI,,snrkl,Karrmann,,211,204,118
8/24/2004,ALM,BMI,,bask-m,Munson,,212,72,30
9/1/2004,ALM,BMI,,bask-m,Karrmann,,213,28,14
9/16/2004,ALM,BMI,,bask-m,Karrmann,,214,173,97
10/7/2004,ALM,BMI,,bask-p,Karrmann,,215,208,118
7/19/2006,ALM,West Side,,Hoop,,,216,169,94
8/5/2008,ALM,Dam Side,,Hoop,,,217,156,86
5/18/2011,ALM,inlet,,Hoop,MM,,218,211,123
5/24/2011,ALM,Cove,,Hoop,MM,,219,212,123
8/3/2004,ALM,BMI,,Hoop,Karrmann,"1 BASS, 1 SUNFISH",220,213,125
9/26/2004,ALM,BMI,,bask-p,Karrmann,,221,155,84
9/14/1996,ALM,South End,,Hoop,Brady,PIT # added 02 JUN 03 MIGRANT - JIM 16 JUN 96,222,83,126
6/20/1997,ALM,,,Hoop,McKinsey,previously notched,223,127,127
7/30/2000,ALM,Arthur's Inlet,,Hoop,CERC,VS top segment center line off axis (see AH notebook) PIT # added 02 JUN 03,224,215,126
7/24/2002,ALM,Dam NW corner,,Hoop,Karrmann,,225,216,128
5/10/2003,ALM,Swamp Trail Inlet,,Hoop,Karrmann,,226,217,128
7/15/2003,ALM,BMI,,Hoop,Karrmann,,227,179,101
8/24/2003,ALM,SE corner,,snrkl,Karrmann,,228,219,128
7/19/2006,ALM,Swamp Trail Inlet,,Hoop,,,229,220,129
7/21/2004,UPR,south cove,,hoop,Karrmann,"FRONT RIGHT FOOT MISSING-LEG BONE HAVE NO MUSCLE, COVERED WITH SKIN. 115128656A FOUND IN SYRING",230,,
7/26/2013,BSP,,,Hoop,Falk/Florio,,231,222,131
7/20/2004,ALM,BMI,,bask-m,Karrmann,L4?,232,223,132
8/14/2004,ALM,BMI,,bask-m,Karrmann,MUMPS ON RIGHT SIDE,233,224,133
6/13/1997,ALM,,,Hoop,McKinsey,,234,103,51
6/27/2004,ALM,BMI,,snrkl,Karrmann,-,235,226,135
7/10/2015,SUT,East,,Hoop,SSC,Sardines,236,227,136
6/21/1997,ALM,,,Hoop,McKinsey,"previously notched - later recorded as L2,6 R4",237,228,137
8/15/2003,ALM,BMI,,Hoop,Karrmann,"Turtles observed basking first recorded as L2, R4",238,229,137
7/22/2006,ALM,,,Hoop,WS - Team Turtle,"Pitted Plastron, 1 pit on Carapace",239,230,137
7/22/2013,ALM,INLET,,Hoop,Falk/Florio,,240,175,99
7/17/2014,,NE,,,"EM, SSC",,241,232,138
7/22/2014,,E,Catfood,,"EM, SSC",,242,56,18
7/14/2015,ALM,East,,Hoop,,"cloaca - 11.37, Tail - 43.80",243,234,139
7/12/1997,ALM,,,Hoop,McKinsey,both front feet gone,244,235,140
6/25/1997,ALM,,,Hoop,McKinsey,,245,181,141
6/30/1997,ALM,,,Hoop,McKinsey,,246,104,52
9/16/2004,ALM,BMI,,bask-p,Karrmann,Shedding,247,237,141
8/14/2004,ALM,BMI,,Hoop,Karrmann,,248,238,142
9/14/1996,ALM,Arthur's Inlet,,Hoop,Brady,PIT added 14 OCT 03,249,239,143
8/3/1997,ALM,,,Hoop,McKinsey,,250,240,144
6/3/2002,ALM,Swamp Trail Inlet,,Hoop,Munson,,251,241,143
5/21/2013,ALM,Dam Cove,,Hoop,"MM, NYU",,252,174,98
8/27/2015,ALM,,,Hoop,,,253,243,145
6/14/1997,ALM,,,Hoop,McKinsey,,254,165,111
7/5/2004,ALM,BMI,,Hoop,Karrmann,resest,255,245,147
7/18/2006,ALM,Dam -- NW Corner,,Hoop,,,256,246,148
7/29/2010,ALM,Damside,,Hoop,,,257,39,14
6/14/2011,ALM,dock,,Hoop,"MV, JS. SG",,258,123,65
6/22/2011,ALM,dock,,Hoop,"MV, PW",,259,20,14
7/13/2011,ALM,sweet spot,,Hoop,MM,,260,42,14
5/21/2013,ALM,Picnic Rock,,Hoop,"MM, NYU",,261,124,63
7/22/2013,ALM,INLET,,Hoop,Falk/Florio,,262,175,99
7/8/2015,ALM,,,Hoop,SSC - Ed,Catfood,263,166,91
6/13/1997,ALM,,,Hoop,McKinsey,,264,103,51
9/28/2002,ALM,BMI,,bask-p,Karrmann,,265,255,156
7/27/2004,ALM,BMI,,bask-p,Karrmann,PH 6.8-6.9 PLASTRON DEFORMED,266,256,157
6/14/1997,ALM,,,Hoop,McKinsey,,267,165,111
7/30/2000,ALM,Swamp Trail Inlet,,Hoop,CERC,,268,258,159
7/31/2000,ALM,Dam NW corner,,Hoop,CERC,,269,258,159
6/16/1997,ALM,,,Hoop,McKinsey,"Originally L9, R0; notches changed 15-Aug-02",270,259,160
8/15/2002,ALM,BMI,,bask-p,Karrmann,"Old and worn L2, L9, L10 notches",271,260,161
8/28/2014,ALM,,,Hoop,SRMP TEAM 2014,,272,176,98
6/25/2004,ALM,BMI,,snrkl,Karrmann,PARTIAL BLOTCHING,273,262,163
7/9/2004,ALM,BMI,,snrkl,Karrmann,13L marginal 12 R marginals blood was taken,274,263,164
8/14/2004,ALM,BMI,,Hoop,Karrmann,,275,238,142
7/22/2006,ALM,,,Hoop,WS - Team Turtle,,276,117,59
5/25/2010,ALM,Boat Launch,,Hoop,NYU-ECE w/ MM,Chin Injury,277,266,164
7/24/2004,ALM,BMI,,bask-p,Karrmann,,278,267,167
7/19/2006,ALM,Arthur's Inlet,,Hoop,,,279,268,168
6/10/2011,ALM,damside,,Hoop,"MV, JS, RC, KP, SG",,280,40,14
6/21/2004,ALM,BMI,,Hoop,Karrmann,,281,70,28
8/3/2004,ALM,BMI,,Hoop,Karrmann,"1 BASS, 1 SUNFISH, PIT TAG:114472331A",282,271,171
7/18/2006,ALM,Dam -- NW Corner,,Hoop,,,283,246,148
7/22/2006,ALM,,,Hoop,WS - Team 2,,284,11,5
8/5/2008,ALM,Dam Side,,Hoop,,,285,156,86
6/15/2010,ALM,Dam Cove,,Hoop,MV,,286,275,171
6/22/2010,ALM,Dam Cove,,Hoop,WS,,287,50,20
7/14/2010,ALM,Dam Cove,,Hoop,"MV, WS, MM",,288,38,14
7/29/2010,ALM,Damside,,Hoop,"MV, WS, MM",,289,278,171
8/3/2010,ALM,Dam Cove,,Hoop,MM,,290,279,171
5/18/2011,ALM,inlet,,Hoop,MM,,291,211,123
6/10/2011,ALM,damside,,Hoop,"MV, JS, RC, KP, SG",,292,40,14
6/14/2011,ALM,damside,,Hoop,"MV, JS. SG",,293,282,171
6/15/2011,ALM,damside,,Hoop,"MV, JS. SG",,294,282,175
6/17/2011,ALM,dock,,Hoop,"MV, JS. SG",,295,123,65
6/22/2011,ALM,damside,,Hoop,"MV, PW",,296,284,173
7/27/2011,ALM,damside,,Hoop,"MV, CR",,297,285,171
5/1/2013,ALM,damside,,Hoop,"MM, Josh Miller's Class",,298,286,171
8/28/2013,ALM,C East,,Hoop,SRMP TEAM 2013,,299,160,85
6/5/2002,ALM,Arthur's Inlet,,Hoop,Munson,tail 43.1mm,300,288,177
9/22/2002,ALM,BMI,,bask-p,Karrmann,"Old notch R2, possible notch L9,10",301,289,178
8/14/2004,ALM,BMI,,Hoop,Karrmann,,302,238,142
7/22/2014,,E,Tuna,,"EM, SSC",,303,126,58
6/30/1997,ALM,,,Hoop,McKinsey,,304,104,52
7/31/2000,ALM,Dam NW corner,,Hoop,CERC,,305,258,159
7/9/2004,ALM,BMI,,bask-p,Karrmann,blood was taken,306,294,181
8/3/2004,ALM,BMI,,snrkl,Karrmann,,307,294,181
6/15/1997,ALM,,,Hoop,McKinsey,,308,162,87
7/1/1997,ALM,,,Hoop,McKinsey,,309,297,183
6/9/2001,ALM,Arthur's Inlet,,Hoop,Karrmann,,310,298,184
7/24/2002,ALM,Swamp Trail Inlet,,Hoop,Karrmann,,311,299,183
9/7/2002,ALM,BMI,,bask-p,Karrmann,Notches old and worn,312,299,183
9/15/2002,ALM,BMI,,bask-p,Karrmann,,313,111,58
10/13/2002,ALM,BMI,,bask-p,Karrmann,,314,201,116
7/16/2004,ALM,BMI,,bask-m,Karrmann,,315,303,185
8/24/2004,ALM,BMI,,bask-p,Munson,M?,316,304,186
7/8/2015,ALM,,,Hoop,SSC - Ed,Sardines,317,305,187
7/11/1997,SUT,,,hoop,McKinsey,,318,306,188
7/7/2010,UPR,fallen tree,,Hoop,,migrated from sutherland,319,307,189
6/2/2011,UPR,inlet,,Hoop,"MV, JS, RC",chip near center of carapace,320,308,188
7/22/2014,,E,Catfood,,"EM, SSC",,321,56,18
7/17/2004,ALM,INLET QUARY,,Hoop,Karrmann/ Schuster,,322,310,192
6/23/2010,ALM,Dam Cove,,Hoop,"MV, KP",,323,35,14
8/3/2010,ALM,,,Hoop,MM,"smal hole in plastron, bottom left over leg. Shedding",324,312,192
6/10/2011,ALM,damside,,Hoop,"MV, JS, RC, KP, SG",,325,40,14
6/15/2011,ALM,dock,,Hoop,"MV, JS. SG",hole in plastron,326,314,192
8/29/2013,ALM,A,,Hoop,SRMP TEAM 2013,,327,315,193
7/17/2014,,NE,Sardines,Hoop,"EM, SSC",,328,316,193
7/25/2014,,E,Catfood,Hoop,"EM, SSC",,329,317,194
8/26/2014,ALM,,,Hoop,SRMP TEAM 2014,about a five minute walk to the other side of the reservoir (to the right of the first trap) hole in shell 8 and 9 scute on carapace,330,318,195
6/15/1997,ALM,,,Hoop,McKinsey,natural; mark between 9 & 10,331,225,196
6/24/2000,ALM,Dam NW corner,,Hoop,Karrmann,,332,320,197
7/21/2002,ALM,Arthur's Inlet,,bask-p,Karrmann,"R8 very old, worn notch, L3 possibly natural",333,321,198
5/10/2003,ALM,Swamp Trail Inlet,,Hoop,Karrmann,mild offset,334,322,198
7/11/2004,ALM,BMI,,snrkl,Karrmann,weight is 234,335,323,198
9/16/2004,ALM,BMI,,bask-p,Karrmann,,336,324,198
7/19/2006,ALM,Picnic Rock,,Hoop,,,337,130,69
8/5/2008,ALM,Picknic rock,,Hoop,,,338,96,45
5/25/2010,ALM,Cove,,Hoop,NYU-ECE w/ MM,,339,17,11
6/22/2010,ALM,Cove,,Hoop,WS,had leech on neck,340,328,198
6/23/2010,ALM,Cove,,Hoop,"MV, KP",has leech x2,341,329,198
6/26/2010,ALM,Cove,,Hoop,"MV, JB",,342,122,59
7/7/2010,ALM,Dam Cove,,Hoop,"MV, JB",feisty,343,331,198
7/14/2010,ALM,Cove,,Hoop,MM,,344,332,198
6/10/2011,ALM,dock,,Hoop,"RC, KP, SG",,345,52,22
6/15/2011,ALM,dock,,Hoop,"MV, JS. SG",,346,334,198
7/17/2014,,NW,Sardines,,"EM, SSC",,347,335,197
7/15/2015,ALM,,,Hoop,,"cloaca - 22.02, Tail - 51.75",348,175,202
7/22/2013,ALM,INLET,,Hoop,Falk/Florio,,349,175,99
6/9/2002,ALM,,,Hoop,Karrmann,"recorded at Science Center, caught a week earlier by John Brady Migrant - in UPR 15 MAY 2004",350,338,204
7/24/2002,ALM,Arthur's Inlet,,Hoop,Karrmann,Plastron cracked across L1-L2 to R2 and L6 irregular Migrant - in UPR 15 MAY 2004,351,339,204
8/15/2002,ALM,Swamp Trail Inlet,,Hoop,Karrmann,Scab on neck dorsal Migrant - in UPR 15 MAY 2004,352,340,204
5/4/2003,ALM,Dam NW corner,,Hoop,Karrmann,Migrant - in UPR 15 MAY 2004,353,341,204
5/15/2004,UPR,inlet,,hoop,Karrmann,"picture, RP5 mangled Migrant - in ALM Jun 02 - May 03",354,,
6/13/2004,UPR,south cove,,hoop,Karrmann,Migrant - in ALM Jun 02 - May 03,355,343,205
6/18/2004,UPR,south cove,,bask-m,Karrmann,"R.8,9 Might by natural Migrant - in ALM Jun 02 - May 03",356,,
6/21/2004,UPR,south cove,,hoop,Karrmann,Migrant - in ALM Jun 02 - May 03,357,343,205
7/5/2004,UPR,south cove,,hoop,Karrmann,Migrant - in ALM Jun 02 - May 03,358,346,205
9/16/2004,UPR,south cove,,hoop,Karrmann,"skin flap on base of head/upper neck, pulled back; possibly by net Migrant - in ALM Jun 02 - May 03",359,,
9/26/2004,UPR,south cove,,hoop,Karrmann,PR5 abnormal,360,348,205
8/30/2003,ALM,BMI,,Hoop,Karrmann,turtles surface basking,361,114,61
9/14/2003,ALM,BMI,,Hoop,Karrmann,specimens redder in pigment today than in past - more like TMR turtles surfacing basking and out on logs in large numbers,362,350,207
6/21/2004,ALM,BMI,,snrkl,Karrmann,,363,351,208
6/27/2004,ALM,BMI,,bask-m,Karrmann,TWO TURTLES WERE ON TOP OF EACH END,364,352,209
7/7/2004,ALM,BMI,,bask-m,Karrmann,,365,353,210
7/17/2004,ALM,DAM,,Hoop,Karrmann/ Schuster,2 SUNFISH/ I FISH; SHEDDING,366,354,209
9/16/2004,ALM,BMI,,bask-p,Karrmann,,367,324,198
7/18/2006,ALM,Dam -- NW Corner,,Hoop,,,368,246,148
7/22/2006,ALM,,,Hoop,WS - Team 2,,369,11,5
8/29/2006,ALM,,,Hoop,ws,RAINING,370,12,6
7/15/2008,ALM,Sweet Spot,,Hoop,,,371,170,94
8/5/2008,ALM,Cove,,Hoop,,,372,16,10
5/25/2010,ALM,Cove,,Hoop,NYU-ECE w/ MM,,373,17,11
6/15/2010,ALM,Dam Cove,,Hoop,MV,,374,275,171
6/22/2010,ALM,Dam Cove,,Hoop,WS,leech on carapace,375,363,217
7/14/2010,ALM,Boat Launch,,Hoop,MM,"leech on shell, aggressive",376,51,218
7/29/2010,ALM,Damside,,Hoop,,,377,39,14
6/15/2011,ALM,dock,,Hoop,"MV, JS. SG",,378,334,198
6/19/1997,ALM,,,Hoop,McKinsey,Notches not recorded at time of capture; filled in from data with matching PIT,379,165,219
9/6/2001,ALM,,,Hoop,Munson,Notches not recorded at time of capture; filled in from data with matching PIT,380,367,220
9/15/2002,ALM,BMI,,bask-p,Karrmann,"L10,11 damaged, possibly notches; were not freshened",381,368,219
6/27/2004,ALM,BMI,,snrkl,Karrmann,-,382,226,135
7/5/2004,ALM,BMI,,Hoop,Karrmann,reset (Blood),383,370,219
7/27/2004,ALM,BMI,,bask-m,Karrmann,DAMAGE L10-11,384,371,219
7/31/2004,ALM,BMI,,Hoop,Karrmann,L6 PARTIALLY DIVIDED,385,372,219
8/3/2004,ALM,BMI,,bask-m,Karrmann,,386,188,104
8/14/2004,ALM,BMI,,bask-m,Karrmann,,387,163,88
9/1/2004,ALM,BMI,,bask-p,Karrmann,V5 divided,388,375,219
9/16/2004,ALM,BMI,,bask-m,Karrmann,,389,173,97
9/26/2004,ALM,BMI,,bask-p,Karrmann,,390,155,84
10/7/2004,ALM,BMI,,bask-p,Karrmann,,391,208,118
7/10/2002,ALM,Dam NW corner,,Hoop,Karrmann,,392,379,221
5/4/2003,ALM,Dam NW corner,,Hoop,Karrmann,,393,380,221
6/7/1997,SPG,,,hoop,McKinsey,blood sample very light MIGRANT - TMR SEP 03,394,,
9/6/2003,TMR,NE corner,,hoop,Karrmann,"R1,R2? L10,12? turtles surfacing basking, all specimens VERY RED - not orange, faded, etc MIGRANT - SPG JUN 97",395,,
9/21/2003,TMR,NE corner,,hoop,Karrmann,"L1,9,12? R1,2.10? MIGRANT - SPG JUN 97",396,,
9/28/2003,TMR,NE corner,,hoop,Karrmann,"L 1,10,12 ? R 1,2,10 ? MIGRANT - SPG JUN 97",397,,
7/11/2004,TMR,NE corner,,hoop,Karrmann,"L1,L10,L12,R1,R2,R10 some notches dents plastron blotching, no disalignment MIGRANT - SPG JUN 97",398,,
7/27/2004,TMR,NE corner,,hoop,Karrmann,"PH 5.2 R1,2; L1 MIGRANT - SPG JUN 97",399,,
7/31/2004,TMR,NE corner,,hoop,Karrmann,LARGE PLASTRON BLOTCH - MULTIPLE QUESTIONABLE 'NOTCHES' MIGRANT - SPG JUN 97,400,,
8/3/2004,TMR,NE corner,,hoop,Karrmann,7 NOTCHES CR1 MIGRANT - SPG JUN 97,401,,
8/28/2013,ALM,C East,,Hoop,SRMP TEAM 2013,,402,160,85
7/17/2014,,NE,Sardines,,"EM, SSC",,403,390,226
7/18/2014,,,Stumpy,,"EM, SSC",,404,83,227
7/8/2015,ALM,,,Hoop,SSC - Ed,Catfood,405,166,91
7/9/2015,ALM,East,,Hoop,SSC,"3 legs, Right rear missing. Sardines",406,392,226
7/16/2015,ALM,NW,,Hoop,,"cloaca - 20.68, Tail - 50.97",407,393,226
8/25/2015,ALM,,,Hoop,,Lost a limb,408,394,228
8/26/2015,ALM,,,Hoop,,Footless,409,395,228
6/28/1998,ALM,,,Hoop,Brady,pH 5.5,410,396,229
6/6/2002,ALM,Dam NW corner,,Hoop,Munson,tail 38.4mm,411,397,229
4/26/2003,ALM,Arthur's Inlet,,Hoop,Karrmann,"R12 Natural? Gauge RC2, faint outline of ventral blotch",412,398,229
8/24/2003,ALM,SE corner,,snrkl,Karrmann,scarring on RC2,413,399,230
6/13/2004,ALM,BMI,,Hoop,Karrmann,,414,47,20
7/11/2004,ALM,BMI,,Hoop,Karrmann,,415,401,230
8/7/2004,ALM,BMI,,snrkl,Karrmann,,416,204,118
7/10/2002,ALM,Swamp Trail Inlet,,Hoop,Karrmann,"very old, LARGE, worn male",417,403,231
9/28/2002,ALM,BMI,,bask-p,Karrmann,,418,255,156
9/29/2002,ALM,BMI,,bask-p,Holmes,,419,69,29
6/27/2004,ALM,BMI,,bask-p,Karrmann,L 13,420,406,234
7/20/2004,ALM,BMI,,bask-m,Karrmann,,421,407,235
7/24/2004,ALM,BMI,,bask-m,Karrmann,,422,408,236
7/27/2004,ALM,BMI,,bask-m,Karrmann,,423,409,237
9/16/2004,ALM,BMI,,bask-m,Karrmann,,424,173,97
7/18/2006,ALM,West Side,,Hoop,,,425,411,239
6/15/2010,ALM,Cove,,Hoop,MV,,426,33,14
8/26/2015,ALM,,,Hoop,,Fiesty & hisses,427,413,239
7/22/2014,,NW,Catfood,,"EM, SSC",,428,414,241
6/15/1997,ALM,,,Hoop,McKinsey,,429,162,87
6/28/1998,ALM,,,Hoop,Brady,One Bite Mark under Mouth pit added on 03 JUN 03,430,416,243
8/2/2000,ALM,Swamp Trail Inlet,,Hoop,CERC,VS dark Brown pit added on 03 JUN 03,431,417,243
5/4/2003,ALM,Dam NW corner,,Hoop,Karrmann,,432,380,221
5/10/2003,ALM,Swamp Trail Inlet,,Hoop,Karrmann,Offset,433,419,244
6/21/2004,ALM,BMI,,Hoop,Karrmann,notches are natural,434,420,245
7/17/2004,ALM,DAM,,Hoop,Karrmann/ Schuster,"2 sunfish, 1 fish",435,421,244
7/19/2006,ALM,West Side,,Hoop,,,436,169,94
5/25/2010,ALM,Boat Launch,,Hoop,NYU-ECE w/ MM,,437,49,20
6/15/2010,ALM,Dam Cove,,Hoop,MM,"calm, satyed in shell",438,424,244
7/29/2010,ALM,Damside,,Hoop,,,439,39,14
6/23/2011,ALM,dock,,Hoop,"MV, RC",,440,66,26
7/13/2011,ALM,sweet spot,,Hoop,MM,,441,42,14
7/27/2011,ALM,damside,,Hoop,"MV, CR",,442,285,171
8/14/2004,ALM,BMI,,bask-m,Karrmann,,443,163,88
9/16/2004,ALM,BMI,,bask-m,Karrmann,,444,173,97
6/2/1996,ALM,South End,,Hoop,Brady,PIT # added 15 AUG 03,445,367,249
7/24/2002,ALM,Swamp Trail Inlet,,Hoop,Karrmann,,446,299,183
9/2/2003,ALM,BMI,,Hoop,Karrmann,turtles surfacing basking,447,433,250
9/1/2004,ALM,BMI,,bask-m,Karrmann,,448,28,14
6/16/1997,ALM,,,Hoop,McKinsey,,449,138,74
6/21/1997,ALM,,,Hoop,McKinsey,,450,259,252
6/29/1997,ALM,,,Hoop,McKinsey,"Originally L9 R1, L3 added later",451,244,253
8/2/2002,ALM,BMI,,bask-p,Karrmann,old worn notch- possible RI,452,438,253
8/29/2006,ALM,,,Hoop,ws,RAINING,453,12,6
6/15/2010,ALM,Dam Cove,,Hoop,MV,eggy,454,440,253
6/22/2010,ALM,Dam Cove,,Hoop,WS,,455,50,20
7/14/2010,ALM,Dam Cove,,Hoop,"MV, WS, MM",,456,38,14
5/18/2011,ALM,inlet,,Hoop,MM,,457,211,123
5/21/2013,ALM,Dam Cove,,Hoop,"MM, NYU",,458,174,98
8/28/2013,ALM,A NW,,Hoop,SRMP TEAM 2013,,459,125,58
9/7/2002,ALM,BMI,,bask-p,Karrmann,,460,446,256
7/10/2003,ALM,BMI,,bask-p,Karrmann,dorsal disalignment,461,447,257
7/5/2004,ALM,BMI,,bask-p,Karrmann,,462,147,82
7/19/2006,ALM,Boat Launch,,Hoop,,"Trap completely under water, turtle alive but weak. When released slowly swam away, staying on surface.",463,449,259
5/25/2010,ALM,Cove,,Hoop,NYU-ECE w/ MM,,464,17,11
7/22/2013,ALM,INLET,,Hoop,Falk/Florio,,465,175,99
7/22/2014,,E,Catfood,,"EM, SSC",,466,56,18
7/12/1997,ALM,,,Hoop,McKinsey,"Originally recorded as L7 R 1,3 MIGRANT - UPR 01 JUN 02",467,453,262
6/24/2000,ALM,Dam NW corner,,Hoop,Karrmann,MIGRANT - UPR 01 JUN 02,468,454,263
6/2/2001,ALM,Arthur's Inlet,,Hoop,Karrmann,Cleft Upper Jaw MIGRANT - UPR 01 JUN 02,469,455,263
6/1/2002,UPR,SW cove,,hoop,Karrmann,cleft right maxilla MIGRANT - ALM JUL 97 to 01 JUN 01,470,,
9/15/2002,UPR,Dam,,bask-p,Karrmann,"Notches old, worn saw notches; faint plastral blotching MIGRANT - ALM JUL 97 to 01 JUN 01",471,,
9/6/2003,UPR,south cove,,bask-m,Karrmann,cleft right maxilla turtles surfacing basking MIGRANT - ALM JUL 97 to 01 JUN 01,472,,
9/14/2003,UPR,south cove,,bask-m,Karrmann,"cleft right maxilla, turtles surfacing basking, specimens redder in pigment today than in past - more like TMR MIGRANT - ALM JUL 97 to 01 JUN 01",473,,
7/9/2004,UPR,south cove,,snrkl,Karrmann,Jump of basking trap cleff on mandible MIGRANT - ALM JUL 97 to 01 JUN 01,474,,
7/16/2004,UPR,south cove,,bask-m,Karrmann,slice lip MIGRANT - ALM JUL 97 to 01 JUN 01,475,,
8/3/2004,UPR,south cove,,hoop,Karrmann,CLEFT RIGHT MANDIBLE MIGRANT - ALM JUL 97 to 01 JUN 01,476,,
9/4/2004,UPR,south cove,,bask-m,Karrmann,MIGRANT - ALM JUL 97 to 01 JUN 01,477,463,264
9/26/2004,UPR,south cove,,hoop,Karrmann,cleft pallette,478,458,264
6/15/1997,ALM,,,Hoop,McKinsey,"juvenile, natural mark on R10; originally recorded as L0 R3; notches not apparent at recapture 24-Jun-02",479,58,265
7/24/2002,ALM,Dam NW corner,,Hoop,Karrmann,"Left rear has ulcer; penetrated to body cavity; RC3, chipped to the bone on margin of RC2",480,466,266
8/14/2004,ALM,BMI,,Hoop,Karrmann,,481,238,142
8/29/2013,ART,D,,Hoop,SRMP TEAM 2013,,482,468,268
8/31/2002,ALM,BMI,,bask-p,Karrmann,Dorsum very midlandish; faint plastral blotching L/R 4/5 (new?),483,469,269
8/24/2004,ALM,BMI,,bask-m,Munson,M?,484,470,270
9/16/2004,ALM,BMI,,bask-m,Karrmann,"Deformed V2,3,4",485,471,271
9/26/2004,ALM,BMI,,bask-m,Karrmann,extra vertebral scute,486,472,271
10/2/2004,ALM,BMI,,bask-p,Karrmann,Old pit tag emerged from skin,487,473,271
9/26/2004,ALM,BMI,,bask-m,Karrmann,,488,474,272
9/1/2004,ART,E side,,bask-m,Karrmann,Fourth turtle outside trap attempting to interact with turtles inside,489,475,273
7/1/1997,ALM,,,Hoop,McKinsey,,490,297,183
6/24/1997,ALM,,,Hoop,McKinsey,,491,178,100
6/13/1997,ALM,,,Hoop,McKinsey,,492,103,51
6/23/1997,ALM,,,Hoop,McKinsey,previously notched,493,479,277
7/12/1997,ALM,,,Hoop,McKinsey,,494,167,278
5/4/2003,ALM,Swamp Trail Inlet,,Hoop,Karrmann,"slight dorsal offset (1-2 mm.) faint ventral marking. Notches almost grown out. Need to be renotched. Originally notched L11, R12 (L4?)",495,481,279
7/31/2004,ALM,BMI,,bask-m,Karrmann,,496,482,280
8/3/2004,ALM,BMI,,bask-m,Karrmann,,497,188,104
8/14/2004,ALM,BMI,,bask-m,Karrmann,,498,163,88
9/15/2002,ALM,BMI,,bask-p,Karrmann,,499,111,58
10/5/2002,ALM,BMI,,bask-p,Karrmann,,500,486,284
7/27/2004,ALM,BMI,,bask-m,Karrmann,PH 6.8-6.9,501,487,285
8/3/2004,ALM,BMI,,bask-m,Karrmann,,502,188,104
8/14/2004,ALM,BMI,,bask-p,Karrmann,,503,489,287
7/11/2004,ALM,BMI,,snrkl,Karrmann,no left leg through tram/inject R leg,504,490,288
6/14/1997,ALM,,,Hoop,McKinsey,too small for PIT,505,491,289
8/2/2000,ALM,Swamp Trail Inlet,,Hoop,CERC,VS Purple Chocolate w/light seams,506,492,290
6/9/2002,ALM,,,Hoop,Karrmann,"recorded at Science Center, caught a week earlier by John Brady (L8 added 15 SEP 02)",507,493,290
9/15/2002,ALM,BMI,,bask-p,Karrmann,L8 possibly natural,508,494,291
5/4/2003,ALM,Dam NW corner,,Hoop,Karrmann,,509,380,221
7/19/2003,ALM,BMI,,Hoop,Karrmann\Schuster,,510,496,291
9/21/2003,ALM,BMI,,Hoop,Karrmann,,511,497,291
6/13/2004,ALM,BMI,,Hoop,Karrmann,,512,47,20
6/25/2004,ALM,BMI,,snrkl,Karrmann,,513,499,291
7/18/2006,ALM,Arthur's Inlet,,Hoop,,,514,500,293
6/30/1997,ALM,,,Hoop,McKinsey,,515,104,52
9/19/2004,JIM,SE cove,,hoop,Karrmann,Trap flooded; water levels rose 1-2 ft; reset in shallow water,516,502,295
6/22/2011,ALM,dock,,Hoop,"MV, PW",,517,20,14
7/13/2011,ALM,sweet spot,,Hoop,MM,,518,42,14
7/22/2013,ALM,Dam - NW corner,,Hoop,Falk/Florio,,519,505,297
7/23/2014,,E,catfood,,"EM, SSC",,520,506,297
8/25/2015,ALM,,,Hoop,,,521,199,114
8/24/2004,ALM,BMI,,bask-m,Munson,Migrant - in ALM 24 Aug 04,522,508,299
6/15/1997,ALM,,,Hoop,McKinsey,,523,162,87
9/28/2002,ALM,BMI,,bask-p,Karrmann,Right notch natural,524,510,301
8/27/2003,ALM,BMI,,snrkl,Karrmann,"possible notch at R1 this date recorded as L8,R0 - record changed to match previous entries - renotch in future",525,511,302
7/22/2013,ALM,Dam - NW corner,,Hoop,Falk/Florio,,526,505,297
7/8/2015,ALM,,,Hoop,SSC - Ed,Sardines,527,305,187
6/13/1997,ALM,,,Hoop,McKinsey,natural mark at 4 right,528,107,304
6/2/1996,ALM,Swamp Trail Inlet,,Hoop,Brady,"""Stubby"" PIT added 29AUG03",529,515,305
6/19/1997,ALM,,,Hoop,McKinsey,"no notch, missing rear left foot later recorded as L10, R0",530,516,306
6/24/2000,ALM,Swamp Trail Inlet,,Hoop,Karrmann,"earlier recorded as L10, R12 PIT added 29AUG03",531,517,305
8/5/2008,ALM,Picknic rock,,Hoop,,,532,96,45
7/10/2002,ALM,Arthur's Inlet,,Hand,Karrmann,possible old notches L9.R9,533,519,308
7/17/2004,ALM,INLET QUARY,,Hoop,Karrmann/ Schuster,,534,310,192
7/27/2004,ALM,BMI,,bask-m,Karrmann,PH 6.8-6.9,535,487,285
8/24/2004,ALM,BMI,,bask-m,Munson,Accidently given second PIT tag #113634531A on 24 AUG 2004,536,522,311
9/16/2004,ALM,BMI,,bask-p,Karrmann,also PIT = 113634531A,537,523,312
6/8/2002,ALM,Arthur's Inlet,,Hand,Karrmann,,538,524,313
6/17/1996,ALM,Arthur's Inlet,,Hoop,Brady,pit added on 03 JUN 03 L3 added 07 SEP 02 because of natural damage,539,416,314
9/21/1996,ALM,Arthur's Inlet,,Hoop,Brady,pit added on 03 JUN 03 L3 added 07 SEP 02 because of natural damage,540,83,314
6/16/1997,ALM,,,Hoop,McKinsey,previously marked 8-4 L3 added 07 SEP 02 because of natural damage,541,103,315
9/7/2002,ALM,BMI,,bask-p,Karrmann,"L3 enlarged to make clear; severe plastral pitting into soft bone. L1, L3, L4, R3, margin of L4 and L5, PIT added 3 AUG 03",542,526,315
7/19/2003,ALM,BMI,,Hoop,Karrmann\Schuster,,543,496,291
8/3/2003,ALM,BMI,,snrkl,Karrmann,Multiple deep pock marks on plastron; large leech on P6 collected,544,528,315
7/27/2004,ALM,BMI,,bask-m,Karrmann,HOLE ON PLASTRON,545,529,315
9/1/2004,ALM,BMI,,bask-m,Karrmann,,546,28,14
9/16/2004,ALM,BMI,,bask-m,Karrmann,,547,173,97
6/17/2011,ALM,dock,,Hoop,"MV, JS. SG",,548,123,65
5/1/2013,ALM,Damside,,Hoop,"MM, Josh Miller's Class",,549,533,315
7/25/2014,,E,Catfood,,"EM, SSC",,550,132,67
7/10/2015,ALM,,,Hoop,SSC - Ed,Catfood,551,535,314
9/16/2004,SUT,West side,,hoop,Karrmann,,552,536,316
7/16/2015,SUT,NE,,Hoop,,"cloaca - 15.75, Tail - 38.18",553,537,317
9/16/2004,UPR,south cove,,bask-m,Karrmann,Left fornail broken off,554,538,318
7/15/2008,ALM,Beach,,Hoop,,,555,539,319
6/15/2010,ALM,Cove,,Hoop,MV,,556,33,14
9/14/1996,ALM,Arthur's Inlet,,Hoop,Brady,pit added on 03 JUN 03,557,151,105
9/21/1996,ALM,Arthur's Inlet,,Hoop,Brady,Recap. (9/15/96) pit added on 03 JUN 03,558,83,321
6/16/1997,ALM,,,Hoop,McKinsey,"previously marked 0-4,8",559,127,322
8/5/2008,ALM,Cove,,Hoop,,,560,16,10
7/29/1997,ALM,,,Hoop,McKinsey,"previously notched 10-0, - PIT added 02 Jun 03",561,137,324
7/31/2000,ALM,Swamp Trail Inlet,,Hoop,CERC,"brown carapace, broken middle toe on R foreleg - PIT added 02 Jun 03",562,545,325
7/24/2002,ALM,Dam NW corner,,Hoop,Karrmann,,563,216,128
5/4/2003,ALM,Dam NW corner,,Hoop,Karrmann,,564,380,221
7/17/2004,ALM,DAM,,Hoop,Karrmann/ Schuster,PR10 - A HOLE IN ITS SCUTE--2 SUNFISH/1 FISH,565,548,324
6/15/1997,ALM,,,Hoop,McKinsey,,566,162,87
10/5/2002,ALM,BMI,,bask-p,Karrmann,Probable bite marking on plastron,567,550,327
7/19/2003,ALM,BMI,,Hoop,Karrmann/ Schuster,,568,551,327
9/14/2003,ALM,BMI,,Hoop,Karrmann,specimens redder in pigment today than in past - more like TMR turtles surfacing basking and out on logs in large numbers,569,350,207
8/14/2004,ALM,BMI,,bask-p,Karrmann,,570,489,287
7/19/2006,ALM,Boat Launch,,Hoop,,"Trap completely under water, turtle alive but weak. When released slowly swam away, staying on surface.",571,449,259
8/29/2006,ALM,,,Hoop,ws,RAINING,572,12,6
6/15/2010,ALM,Dam Cove,,Hoop,MV,possible parasite scars,573,556,327
6/23/2010,ALM,Dam Cove,,Hoop,"MV, KP",,574,35,14
7/14/2010,ALM,Dam Cove,,Hoop,"MV, WS, MM",,575,38,14
7/29/2010,ALM,Damside,,Hoop,,,576,39,14
6/10/2011,ALM,damside,,Hoop,"MV, JS, RC, KP, SG",,577,40,14
6/14/2011,ALM,damside,,Hoop,"MV, JS. SG",,578,282,171
6/15/2011,ALM,damside,,Hoop,"MV, JS. SG",,579,282,175
6/17/2011,ALM,dock,,Hoop,"MV, JS. SG",,580,123,65
6/23/2011,ALM,dock,,Hoop,"MV, RC",,581,66,26
7/28/2011,ALM,,,Hoop,"KP, RC",shedding,582,562,327
5/21/2013,ALM,Dam Cove,,Hoop,"MM, NYU",,583,174,98
9/7/1996,ALM,Swamp Trail Inlet,,Hoop,Brady,pit added 02 JUN 03,584,564,330
9/21/1996,ALM,Arthur's Inlet,,Hoop,Brady,Recap. (9/7/96) pit added 02 JUN 03,585,83,330
6/16/1997,ALM,,,Hoop,McKinsey,,586,138,74
6/28/1998,ALM,,,Hoop,Brady,pit added 02 JUN 03,587,566,330
9/7/2002,ALM,BMI,,bask-p,Karrmann,Notches old and worn R4 questionable,588,567,332
9/15/2002,ALM,BMI,,bask-p,Karrmann,,589,111,58
9/22/2002,ALM,BMI,,bask-p,Karrmann,,590,202,117
9/28/2002,ALM,BMI,,bask-p,Karrmann,,591,255,156
6/25/2004,ALM,BMI,,snrkl,Karrmann,,592,499,291
7/9/2004,ALM,BMI,,snrkl,Karrmann,blood was taken,593,92,43
8/7/2004,ALM,BMI,,Hoop,Karrmann,,594,573,334
9/16/2004,ALM,BMI,,bask-p,Karrmann,"Malformed V4,5",595,574,333
7/19/2006,ALM,Boat Launch,,Hoop,,"Trap completely under water, turtle alive but weak. When released slowly swam away, staying on surface.",596,449,259
7/22/2014,,E,Tuna,,"EM, SSC",,597,126,58
7/23/2014,,E,Tuna,,"EM, SSC",,598,79,33
10/12/2001,ALM,Swamp Trail Inlet,,Hoop,Karrmann,,599,578,336
6/1/2002,ALM,Swamp Trail Inlet,,Hoop,Karrmann,,600,579,337
7/24/2002,ALM,Arthur's Inlet,,Hoop,Karrmann,"Slight division between L5-L6, R5-R6",601,580,337
5/10/2003,ALM,Swamp Trail Inlet,,Hoop,Karrmann,"notch between 1 and 2, may be natural, not sure previously recorded L10 R3 (L3?)",602,581,337
8/27/2003,ALM,SE corner,,snrkl,Karrmann,,603,582,337
8/14/2004,ALM,BMI,,Hoop,Karrmann,SHEDDING;MUMPS ON THE LEFT SIDE,604,583,338
7/20/2004,ALM,BMI,,bask-m,Karrmann,"13 MARGINALS (ONLY ON RIGHT, 12 ON LEFT)",605,584,339
7/27/2004,ALM,BMI,,bask-p,Karrmann,"13 MARGINALS PH 6.8-6.9, SHEDDING",606,584,339
8/1/1997,ALM,,,Hoop,McKinsey,"was recorded as L12, R2,4 - 4 removed 26 AUG 03",607,453,340
7/31/2000,ALM,Swamp Trail Inlet,,Hoop,CERC,"originally L12, R2,4",608,587,341
9/6/2001,ALM,,,Hoop,Munson,"originally L12, R2,4",609,588,342
9/28/2002,ALM,BMI,,bask-p,Karrmann,,610,255,156
9/16/2004,ALM,BMI,,bask-m,Karrmann,13 marginals on right side,611,590,344
7/23/2014,,E,Tuna,,"EM, SSC",,612,79,33
6/13/1997,ALM,,,Hoop,McKinsey,,613,103,51
5/4/2003,ALM,Dam NW corner,,Hoop,Karrmann,,614,380,221
8/15/2003,ALM,BMI,,Hoop,Karrmann,Turtles observed basking,615,593,346
7/17/2004,ALM,DAM,,Hoop,Karrmann/ Schuster,"2 sunfish, 1 fish- PL 3 INDENTATION",616,594,346
6/19/2010,ALM,Dam Cove,,Hoop,MV,found stuck on back and caught,617,595,346
6/16/2011,ALM,damside,,Hoop,"MV, JS. SG","neck wound, dents on plastron",618,596,346
5/21/2013,ALM,Dam Cove,,Hoop,"MM, NYU",,619,174,98
7/17/2014,,NE,Catfood,,"EM, SSC",,620,55,18
7/24/2014,,NW,Catfood,,"EM, SSC",,621,599,349
8/25/2015,ALM,,,Hoop,,Has a notch,622,600,347
7/12/1997,ALM,,,Hoop,McKinsey,,623,167,278
6/2/2001,ALM,Arthur's Inlet,,Hoop,Karrmann,,624,602,351
8/31/2002,ALM,BMI,,bask-p,Karrmann,"Old, worn notch on R4, renewed",625,603,350
9/15/2002,ALM,BMI,,bask-p,Karrmann,Scutes slightly midlandish,626,604,350
10/5/2002,ALM,BMI,,bask-p,Karrmann,Plastron measurement centerline,627,605,350
4/26/2003,ALM,Arthur's Inlet,,Hoop,Karrmann,Slightly offset dorsal scutes,628,606,351
6/5/2004,ALM,BMI,,Hoop,Karrmann,,629,607,350
7/16/2004,ALM,BMI,,bask-m,Karrmann,,630,303,185
9/16/2004,ALM,BMI,,bask-m,Karrmann,,631,173,97
9/19/2004,ALM,BMI,,bask-m,Karrmann,,632,610,350
9/26/2004,ALM,BMI,,bask-m,Karrmann,,633,474,272
7/22/2006,ALM,,,Hoop,WS - Team Turtle,"""Purple"" Plastron",634,612,350
6/15/2010,ALM,Cove,,Hoop,MV,,635,33,14
6/22/2010,ALM,Dam Cove,,Hoop,WS,,636,50,20
6/10/2011,ALM,dock,,Hoop,"RC, KP, SG",,637,52,22
7/24/2002,ALM,Arthur's Inlet,,Hoop,Karrmann,Natural notch between L1 and L2,638,616,352
8/25/2002,ALM,BMI,,bask-p,Karrmann,L2 notch merges L1 - shedding. PIT info added from previous record,639,617,352
7/20/2003,ALM,BMI,,bask-p,Karrmann,,640,618,352
8/24/2004,ALM,BMI,,bask-m,Munson,,641,72,30
7/19/2006,ALM,Arthur's Inlet,,Hoop,,,642,268,168
7/15/2008,ALM,Cove,,Hoop,,,643,95,45
7/29/2010,ALM,Damside,,Hoop,,,644,39,14
8/3/2010,ALM,Boat Launch,,Hoop,MM,Shedding,645,623,352
7/22/2014,,E,Tuna,,"EM, SSC",,646,126,58
7/23/2004,SUT,West side,,hoop,Karrmann,,647,625,357
7/8/2015,ART,East,,Hoop,SSC,Catfood,648,626,358
6/13/1997,SUT,,,hoop,,,649,627,359
6/27/2004,SUT,West side,,hoop,,,650,628,360
7/16/2015,SUT,NE,,Hoop,,,651,629,361
7/22/2013,ALM,INLET,,Hoop,Falk/Florio,,652,175,99
7/22/2014,,E,Tuna,,"EM, SSC",,653,126,58
7/25/2014,,E,Catfood,,"EM, SSC",,654,132,67
7/7/2015,SUT,,,Hoop,SSC,Sardines,655,633,363
7/24/2013,SUT,,,Hoop,Falk/Florio,,656,634,364
7/26/2013,BSP,,,Hoop,Falk/Florio,,657,222,131
7/8/2015,ART,East,,Hoop,SSC,Catfood,658,626,358
7/23/2013,JIM,,,Hoop,Falk/Florio,,659,637,367
7/17/2014,,NE,Sardines,,"EM, SSC",,660,390,226
7/22/2013,ALM,INLET,,Hoop,Falk/Florio,,661,175,99
8/29/2013,ALM,A,,Hoop,SRMP TEAM 2013,,662,315,193
7/22/2014,,E,Catfood,,"EM, SSC",,663,56,18
7/10/2015,SUT,East,,Hoop,SSC,"Ate half a pickeral, Catfood",664,642,370
7/23/2013,,FOUND ON ROAD NEAR STATION ENTRANCE,,Hand,Falk/Florio,,665,643,371
7/25/2013,SUT,,,Hoop,Falk/Florio,,666,644,372
7/9/2015,ALM,East,,Hoop,SSC,Sardines,667,177,99
7/22/2013,ALM,INLET,,Hoop,Falk/Florio,,668,175,99
7/17/2014,,NE,Catfood,,"EM, SSC",,669,55,18
7/24/2014,,E,Catfood,,"EM, SSC",,670,75,32
8/28/2013,ALM,A NW,,Hoop,SRMP TEAM 2013,,671,125,58
7/24/2013,JIM,,,Hoop,Falk/Florio,,672,19,13
7/24/2013,BSP,,,Hoop,Falk/Florio,,673,651,378
7/9/2015,SUT,,,Hoop,SSC - Ed,Catfood,674,652,379
7/22/2013,ALM,INLET,,Hoop,Falk/Florio,,675,175,99
8/27/2015,ALM,,,Hoop,,,676,243,145
7/24/2013,SUT,,,Hoop,Falk/Florio,,677,634,364
7/7/2015,ALM,North,,Hoop,SSC,Catfood,678,655,383
7/8/2015,ALM,,,Hoop,SSC - Ed,Sardines,679,305,187
7/10/2015,ALM,,,Hoop,SSC - Ed,Catfood,680,535,314
7/17/2014,,NW,Catfood,,"EM, SSC",,681,658,385
7/24/2014,,E,Catfood,,"EM, SSC",,682,75,32
8/30/2013,ALM,C,,Hoop,SRMP TEAM 2013,,683,660,385
7/7/2015,SUT,,,Hoop,SSC - Ed,Sardines,684,661,386
8/29/2013,ALM,D,,Hoop,SRMP TEAM 2013,,685,662,387
7/24/2013,ART,,,Hoop,Falk/Florio,,686,663,388
7/24/2013,JIM,,,Hoop,Falk/Florio,,687,19,13
7/7/2015,SUT,,,Hoop,SSC,Sardines,688,633,363
8/29/2013,ALM,A,,Hoop,SRMP TEAM 2013,,689,315,193
7/24/2014,,E,Catfood,,"EM, SSC",,690,75,32
8/25/2015,ALM,,,Hoop,,,691,199,114
7/25/2013,SUT,,,Hoop,Falk/Florio,,692,644,372
7/22/2013,ALM,INLET,,Hoop,Falk/Florio,,693,175,99
7/24/2013,JIM,,,Hoop,Falk/Florio,,694,19,13
7/22/2013,ALM,Dam - NW corner,,Hoop,Falk/Florio,,695,505,297
8/29/2013,ALM,A,,Hoop,SRMP TEAM 2013,,696,315,193
7/23/2013,JIM,,,Hoop,Falk/Florio,,697,637,367
8/26/2014,TAM,,,Hoop,SRMP TEAM 2014,cat food,698,675,398
8/26/2014,TAM,,,Hoop,SRMP TEAM 2014,"cat food broken tail, scars and algae present on carapace, spines on neck, nails intact, abrasions on neck and head, Left leg nail broken",699,676,399
8/28/2013,ALM,C East,,Hoop,SRMP TEAM 2013,,700,160,85
7/18/2014,,,Catfood,,"EM, SSC",,701,678,401
7/23/2014,,E,Catfood,,"EM, SSC",,702,679,400
7/14/2015,ALM,SE,,Hoop,,"cloaca - 16.26, tail - 47.35",703,680,400
8/26/2015,ALM,,,Hoop,,,704,681,402
8/28/2013,ALM,A NW,,Hoop,SRMP TEAM 2013,,705,125,58
8/26/2014,ALM,,,Hoop,SRMP TEAM 2014,about a five minute walk to the other side of the reservoir (to the right of the first trap) sardines,706,683,404
8/26/2014,ALM,,,Hoop,SRMP TEAM 2014,about a five minute walk to the other side of the reservoir (to the right of the first trap),707,684,405
7/7/2015,ALM,East,,Hoop,SSC,Catfood,708,685,406
7/25/2013,N/A,,,Hoop,Falk/Florio,,709,686,407
7/15/2015,SUT,East,,Hoop,,,710,687,408
6/22/2010,ALM,Dam Cove,,Hoop,WS,,711,50,20
8/24/2003,ALM,SE corner,,snrkl,Karrmann,,712,219,128
7/25/2003,ALM,BMI,,Hoop,Karrmann,,713,15,9
9/7/2002,ALM,BMI,,bask-p,Karrmann,PIT added 15AUG03,714,691,412
9/15/2002,ALM,BMI,,bask-p,Karrmann,PIT added 15AUG03,715,691,412
9/22/2002,ALM,BMI,,bask-p,Karrmann,PIT added 3 AUG 03,716,692,413
10/5/2002,ALM,BMI,,bask-p,Karrmann,"Deep scratch VC3-5, PIT added 3 AUG 03",717,693,414
5/10/2003,ALM,Arthur's Inlet,,bask-p,Karrmann,"Gauge in V4,5; matching gauge p5,6",718,694,415
8/3/2003,ALM,BMI,,snrkl,Karrmann,Scarring on 4-5 (See photo),719,695,413
7/25/2003,ALM,BMI,,Hoop,Karrmann,,720,15,9
8/14/2004,ALM,BMI,,bask-m,Karrmann,7 COSTAL SCUTES ON BOTH SIDES,721,697,417
5/10/2003,ALM,Swamp Trail Inlet,,Hoop,Karrmann,,722,217,128
9/14/2003,ALM,BMI,,Hoop,Karrmann,specimens redder in pigment today than in past - more like TMR turtles surfacing basking and out on logs in large numbers,723,350,207
7/15/2008,ALM,Cove,,Hoop,,,724,95,45
8/15/2002,ALM,BMI,,Hoop,Karrmann,pit added on 03 JUN 03,725,701,421
9/15/2002,ALM,BMI,,bask-p,Karrmann,pit added on 03 JUN 03,726,702,422
10/5/2002,ALM,BMI,,bask-p,Karrmann,Mild midland scutes - pit added on 03 JUN 03,727,703,422
5/25/2003,ALM,Arthur's Inlet,,bask-p,Karrmann,dorsal disalignment 2mm,728,704,423
7/10/2003,ALM,BMI,,bask-p,Karrmann,dorsal disalignment,729,447,257
7/15/2003,ALM,BMI,,Hoop,Karrmann,,730,179,101
7/25/2003,ALM,BMI,,Hoop,Karrmann,3rd digit on right front foot twisted; trap removed,731,707,424
6/13/2004,ALM,BMI,,Hoop,Karrmann,,732,47,20
6/25/2004,ALM,BMI,,Hoop,Karrmann,,733,709,426
7/2/2004,ALM,BMI,,bask-m,Karrmann,,734,710,425
7/22/2006,ALM,,,Hoop,WS - Team Turtle,,735,117,59
6/10/2011,ALM,damside,,Hoop,"MV, JS, RC, KP, SG",missing front right leg,736,712,425
5/4/2003,ALM,Dam NW corner,,Hoop,Karrmann,,737,380,221
7/17/2004,ALM,BMI,,snrkl,Karrmann,,738,714,428
8/29/2006,ALM,,,Hoop,ws,RAINING,739,12,6
7/7/2010,ALM,Dam Cove,,Hoop,"MV, JB",very feisty,740,716,428
7/22/2013,ALM,Dam - NW corner,,Hoop,Falk/Florio,,741,505,297
7/18/2014,,Picnic Rock,,,"EM, SSC",,742,718,430
8/25/2015,ALM,,,Hoop,,,743,199,114
6/2/1996,ALM,South End,,Hoop,Brady,PIT # added 02 JUN 03,744,106,54
6/1/2003,ALM,Arthur's Inlet,,bask-p,Karrmann,"mild plastral blotch, mild dorsal offset (1-2mm)",745,721,433
9/22/2002,ALM,BMI,,bask-p,Karrmann,PIT added 26 AUG 03,746,722,434
8/24/2003,ALM,SE corner,,snrkl,Karrmann,,747,219,128
7/11/2004,ALM,BMI,,snrkl,Karrmann,,748,140,76
8/7/2004,ALM,BMI,,snrkl,Karrmann,,749,204,118
7/19/2006,ALM,Picnic Rock,,Hoop,,,750,130,69
7/14/2010,ALM,Dam Cove,,Hoop,"MV, WS, MM",,751,38,14
7/18/2014,,,Catfood,,"EM, SSC",,752,678,401
9/22/2002,ALM,BMI,,bask-p,Karrmann,Extra scutes--V5 divided into 3 separate and irregular scutes PIT added 04 SEP 03,753,729,439
7/19/2003,ALM,BMI,,Hoop,Karrmann\ Schuster,,754,45,19
7/20/2004,ALM,BMI,,bask-m,Karrmann,,755,407,235
7/18/2006,ALM,Arthur's Inlet,,Hoop,,,756,500,293
8/24/2003,ALM,SE corner,,snrkl,Karrmann,,757,219,128
8/14/2004,ALM,BMI,,Hoop,Karrmann,RC3 OOZING BLOOD FROM CSS (?),758,734,444
7/10/2003,ART,South Inlet,,bask-p,Karrmann,dorsal disalignment Migrant - in ALM 16 Sep 04,759,,
9/16/2004,ALM,BMI,,bask-p,Karrmann,Migrant - in ART 10 Jul 03,760,736,446
6/1/2002,ALM,Swamp Trail Inlet,,Hoop,Karrmann,pit added 02 JUN 03,761,737,447
5/4/2003,ALM,Dam NW corner,,Hoop,Karrmann,,762,380,221
5/25/2003,ALM,Arthur's Inlet,,bask-p,Karrmann,,763,738,448
7/19/2003,ALM,BMI,,Hoop,Karrmann\ Schuster,,764,45,19
7/20/2003,ALM,BMI,,bask-p,Karrmann,,765,618,352
7/18/2006,ALM,Arthur's Inlet,,Hoop,,,766,500,293
7/15/2008,ALM,Sweet Spot,,Hoop,,,767,170,94
8/5/2008,ALM,Picknic rock,,Hoop,,,768,96,45
9/7/2002,ALM,BMI,,bask-p,Karrmann,"Scute damage right side RC1,2,3, marginal 5 and 7,6 plastral R4, possible predator bite over right bridge--dorsal scutes aligned as midland, but no plastral blotching - PIT added 02 Jun 03",769,745,450
9/28/2002,ALM,BMI,,bask-p,Karrmann,Damage on right plates; see notes for earlier capture - PIT added 02 Jun 03,770,746,450
5/10/2003,ALM,Dam NW corner,,Hoop,Karrmann,Dorsal offset 4-5mm,771,747,451
6/25/2004,ALM,BMI,,Hoop,Karrmann,TAIL IS AMPUTATED (old injury),772,748,452
9/1/2004,ALM,BMI,,bask-m,Karrmann,,773,28,14
9/26/2004,ALM,BMI,,bask-m,Karrmann,,774,474,272
9/15/2002,ALM,BMI,,bask-p,Karrmann,"Midlandish scutes; old, worn saw notches PIT added 04 SEP 03",775,751,453
8/17/2003,ALM,BMI,,Hoop,Karrmann,Turtles surface basking,776,752,453
8/14/2004,ALM,BMI,,Hoop,Karrmann,,777,238,142
5/4/2003,ALM,Dam NW corner,,Hoop,Karrmann,,778,380,221
7/5/2004,ALM,BMI,,snrkl,Karrmann,,779,755,454
7/30/2000,ALM,Arthur's Inlet,,Hoop,CERC,VS evenly dark red (PIT added 10 MAY 03),780,756,455
5/10/2003,ALM,Swamp Trail Inlet,,Hoop,Karrmann,,781,217,128
7/2/2004,ALM,BMI,,bask-p,Karrmann,,782,758,456
8/3/2004,ALM,BMI,,Hoop,Karrmann,"1 BASS, 1 SUNFISH, SHEDDING",783,759,456
8/14/2004,ALM,BMI,,Hoop,Karrmann,,784,238,142
9/16/2004,ALM,BMI,,bask-p,Karrmann,,785,324,198
7/18/2006,ALM,West Side,,Hoop,,,786,411,239
7/15/2003,TMR,TP,,hoop,Karrmann,,787,763,458
6/25/2004,TMR,NE corner,,hoop,Karrmann,(RESET TRAPS) BATE BOX REPLACED,788,,
7/31/2004,TMR,NE corner,,hoop,Karrmann,,789,765,459
8/7/2004,TMR,NE corner,,hoop,Karrmann,,790,766,459
8/26/2014,TAM,,,Hoop,SRMP TEAM 2014,sardines,791,767,460
8/27/2014,TAM,,,Hoop,SRMP TEAM 2014,,792,768,460
8/31/2002,ALM,BMI,,bask-p,Karrmann,"Possible notch at L1, not re-filed. Others refreshed",793,769,461
5/15/2004,ALM,DAM,,Hoop,Karrmann,picture,794,46,19
6/13/2004,ALM,BMI,,Hoop,Karrmann,,795,47,20
7/20/2004,ALM,BMI,,bask-m,Karrmann,,796,407,235
6/25/2004,ALM,BMI,,bask-p,Karrmann,,797,773,465
7/28/2011,UPR,rusty wagon,,Hoop,"MV, RC, KP",,798,774,466
5/21/2013,ALM,Picnic Rock,,Hoop,"MM, NYU",,799,124,63
7/17/2014,,NE,Sardines,,"EM, SSC",,800,390,226
7/22/2014,,E,Catfood,,"EM, SSC",,801,56,18
7/24/2014,,E,Catfood,,"EM, SSC",,802,75,32
7/7/2015,ALM,East,,Hoop,SSC,Catfood,803,685,406
7/8/2015,ALM,,,Hoop,SSC - Ed,Sardines,804,305,187
7/17/2015,ALM,East,,Hoop,,,805,781,467
8/3/2003,ALM,BMI,,snrkl,Karrmann,,806,129,68
9/28/2003,SUT,West side,,hoop,Karrmann,cleft right mandible,807,783,469
6/25/2004,SUT,West side,,hoop,Karrmann,RIGHT MANDIBLE REDUCE (TRAP RESET),808,784,469
6/27/2004,SUT,West side,,bask-m,Karrmann,"SPLIT ON BOTTOM OF MOUTH (JUMP OFF BASK, WAS CAUGHT)",809,785,469
7/23/2004,SUT,West side,,hoop,Karrmann,SLIT IN HIS MOUTH,810,786,469
7/31/2004,SUT,West side,,hoop,Karrmann,,811,787,469
9/16/2004,SUT,West side,,hoop,Karrmann,,812,536,316
7/27/2010,SUT,boat dock,,Hoop,,shedding,813,786,470
7/20/2011,SUT,swamp,,Hoop,"MV, SG",,814,790,469
7/21/2011,SUT,swamp,,Hoop,"MV, RC, SG",shedding,815,790,469
7/22/2011,SUT,swamp,,Hoop,"MV, RC, SG",,816,790,469
7/27/2011,SUT,swamp,,Hoop,"MV, MM",,817,791,469
7/28/2011,SUT,swamp,,Hoop,"MV, MM",,818,792,469
8/28/2013,TAM,C,,Hoop,SRMP TEAM 2013,,819,793,472
8/26/2014,TAM,,,Hoop,SRMP TEAM 2014,sardines,820,767,460
9/15/2002,ALM,BMI,,bask-p,Karrmann,PIT added on 15-Sep-02,821,795,474
9/28/2002,ALM,BMI,,bask-p,Karrmann,PIT added on 15-Sep-02,822,796,474
5/4/2003,ALM,Swamp Trail Inlet,,Hoop,Karrmann,Dorsal offset (7-6mm.),823,797,475
6/13/2004,ALM,BMI,,Hoop,Karrmann,,824,47,20
7/20/2004,ALM,BMI,,bask-m,Karrmann,IRREGULAR MARGINS PR4,825,799,476
7/19/2006,ALM,West Side,,Hoop,,,826,169,94
5/25/2010,ALM,Boat Launch,,Hoop,NYU-ECE w/ MM,,827,49,20
6/14/2011,ALM,dock,,Hoop,"MV, JS. SG",,828,123,65
6/15/2011,ALM,damside,,Hoop,"MV, JS. SG",,829,282,175
6/23/2011,ALM,damside,,Hoop,MV,,830,802,478
7/25/2014,,E,Catfood,,"EM, SSC",,831,132,67
5/10/2003,ALM,Swamp Trail Inlet,,Hoop,Karrmann,,832,217,128
5/15/2004,ALM,swamp trail inlet,,Hoop,Karrmann,"picture, sudden depression margin of V2,3",833,805,481
10/5/2002,ALM,BMI,,bask-p,Karrmann,left right foot missing; L8-11 deformed PIT added 30 AUG 03,834,806,482
8/3/2003,ALM,BMI,,snrkl,Karrmann,"Multiple irregular damage on L8-11, no left rear leg; well-healed wound",835,11,483
7/15/2008,ALM,Sweet Spot,,Hoop,,,836,170,94
6/2/1996,ALM,South End,,Hoop,Brady,PIT # added 29 AUG 03,837,809,485
7/25/1997,ALM,,,Hoop,McKinsey,PIT # added 29 AUG 03,838,127,486
8/27/2003,ALM,BMI,,Hoop,Karrmann,,839,810,486
8/24/2004,ALM,BMI,,bask-m,Munson,,840,72,30
9/7/2002,UPR,Dam,,bask-p,Karrmann,Some Midlandish blotching PIT added 26 AUG 03,841,,
9/15/2002,UPR,Dam,,bask-p,Karrmann,Faint plastral blotching PIT added 26 AUG 03,842,,
8/24/2003,UPR,south cove,,bask-m,Karrmann,distinct red lines/patterns on dorsal scutes (see Chopa),843,814,488
6/25/2004,UPR,south cove,,bask-m,Karrmann,"tumor on cheecks, CENTRAL BLOCH",844,815,488
7/2/2004,UPR,south cove,,bask-m,Karrmann,Tumor on cheeks,845,816,488
7/5/2004,UPR,south cove,,bask-m,Karrmann,,846,817,488
7/16/2004,UPR,south cove,,bask-m,Karrmann,beginning of swallowing cheeks,847,818,488
7/21/2004,UPR,south cove,,bask-m,Karrmann,,848,819,488
7/31/2004,UPR,south cove,,bask-m,Karrmann,,849,820,488
9/4/2004,UPR,south cove,,bask-m,Karrmann,shedding,850,821,488
9/26/2004,UPR,south cove,,bask-m,Karrmann,,851,822,488
7/7/2010,UPR,fallen tree,,Hoop,,broken plastron,852,819,489
7/8/2010,UPR,fallen tree,,Hoop,"MV, MM, SK",,853,820,489
7/17/2014,,NE,Sardines,,"EM, SSC",,854,390,226
7/18/2014,,,Catfood,,"EM, SSC",,855,678,401
7/10/2015,ALM,,,Hoop,SSC - Ed,Catfood,856,535,314
7/17/2015,ALM,SE,,Hoop,,,857,828,490
8/26/2015,ALM,,,Hoop,,,858,681,402
8/14/2002,ALM,Dam NW corner,,Hoop,Karrmann,"Very dark, red plastron; carapace has metallic shine; PIT added 3 AUG 03",859,830,492
8/3/2003,ALM,BMI,,snrkl,Karrmann,,860,129,68
7/7/2010,UPR,fallen tree,,Hoop,,nostril gash,861,832,493
7/8/2010,UPR,fallen tree,,Hoop,,,862,833,493
7/20/2010,UPR,near beach,,Hoop,"MV, KP",,863,832,493
7/22/2010,UPR,near beach,,Hoop,"MV, AW",,864,832,493
8/31/2002,UPR,Dam,,bask-p,Karrmann,"Carapace raised lengthwise v1-v5, width across LC2, v2, RC2. ""Depressed"" over all four limbs PIT added 08 SEP 03",865,,
9/7/2002,UPR,Dam,,bask-p,Karrmann,PIT added 08 SEP 03,866,837,495
9/6/2003,UPR,south cove,,bask-m,Karrmann,turtles surfacing basking,867,838,494
9/22/2002,ALM,BMI,,bask-p,Karrmann,PIT added 12 OCT 03,868,839,496
10/13/2002,ALM,BMI,,bask-p,Karrmann,plastral pocking PIT added 12 OCT 03,869,840,496
9/21/2003,ALM,BMI,,Hoop,Karrmann,,870,497,291
10/12/2003,ALM,BMI,,bask-p,Karrmann,shedding,871,842,496
8/3/2004,ALM,BMI,,Hoop,Karrmann,"1 BASS, 1 SUNFISH",872,213,125
8/14/2004,ALM,BMI,,Hoop,Karrmann,SHEDDING,873,844,496
7/19/2006,ALM,West Side,,Hoop,,,874,169,94
6/15/2010,ALM,Cove,,Hoop,MV,,875,33,14
6/22/2010,ALM,Cove,,Hoop,WS,scar on 1st dorsal plate,876,847,496
6/23/2010,ALM,Cove,,Hoop,"MV, KP",crack on carapace,877,848,496
6/16/2011,ALM,dock,,Hoop,"MV, JS. SG","scar top right carapace,dents in plastron",878,849,496
7/13/2011,ALM,sweet spot,,Hoop,MM,,879,42,14
5/10/2003,ALM,Swamp Trail Inlet,,Hoop,Karrmann,,880,217,128
7/19/2003,ALM,BMI,,Hoop,Karrmann\ Schuster,,881,45,19
10/5/2003,ALM,BMI,,bask-p,Karrmann,shedding,882,853,499
6/25/2004,ALM,BMI,,snrkl,Karrmann,PARTIAL BLOTCHING,883,262,163
7/20/2004,ALM,BMI,,Hoop,Karrmann,CARAPACE NOTCH LOOKS OLD,884,855,499
8/3/2003,ALM,BMI,,snrkl,Karrmann,,885,129,68
8/24/2003,ALM,SE corner,,snrkl,Karrmann,,886,219,128
6/21/2004,ALM,BMI,,snrkl,Karrmann,,887,351,208
7/20/2004,ALM,BMI,,bask-m,Karrmann,,888,407,235
7/14/2010,ALM,Cove,,Hoop,MM,,889,332,198
9/7/2002,ALM,BMI,,bask-p,Karrmann,"Small notch R2. Natural? Margin of R5,6 questionable notch PIT added 26 AUG 03",890,861,504
9/22/2002,ALM,BMI,,bask-p,Karrmann,PIT added 26 AUG 03,891,722,434
8/24/2003,ALM,SE corner,,snrkl,Karrmann,,892,219,128
6/21/2004,ALM,BMI,,Hoop,Karrmann,,893,70,28
7/5/2004,ALM,BMI,,bask-p,Karrmann,,894,147,82
8/14/2004,ALM,BMI,,Hoop,Karrmann,,895,238,142
7/19/2006,ALM,Swamp Trail Inlet,,Hoop,,,896,220,129
8/29/2006,ALM,,,Hoop,ws,RAINING,897,12,6
7/23/2014,,E,Catfood,,"EM, SSC",,898,679,400
9/15/2002,ALM,BMI,,bask-p,Karrmann,PIT added 26 AUG 03,899,870,510
10/5/2002,ALM,BMI,,bask-p,Karrmann,PIT added 26 AUG 03,900,871,510
8/17/2003,ALM,BMI,,Hoop,Karrmann,Turtles surface basking,901,752,453
8/14/2004,ALM,BMI,,Hoop,Karrmann,,902,238,142
8/24/2004,ALM,BMI,,bask-m,Munson,,903,72,30
7/18/2006,ALM,Arthur's Inlet,,Hoop,,,904,500,293
7/25/2003,ALM,BMI,,Hoop,Karrmann,,905,15,9
7/11/2004,ALM,BMI,,snrkl,Karrmann,,906,140,76
7/18/2006,ALM,West Side,,Hoop,,,907,411,239
7/7/2010,UPR,by beach,,Hoop,"WS, KP, MV, SK, LS","notch in plastron & bent, missing R front claw",908,879,516
7/27/2011,UPR,rusty wagon,,Hoop,"MV, CR",,909,880,518
7/7/2010,ALM,Dam Cove,,Hoop,"MV, JB",dent in shell,910,881,519
7/29/2010,ALM,Damside,,Hoop,,,911,39,14
6/1/2011,UPR,inlet,,Hoop,"MV, GS, C",,912,883,521
7/22/2013,ALM,INLET,,Hoop,Falk/Florio,,913,175,99
7/24/2014,,E,Catfood,,"EM, SSC",,914,75,32
6/10/2011,ALM,damside,,Hoop,"MV, JS, RC, KP, SG",missing toes on left back leg and part of tail,915,886,524
7/24/2014,,NW,Catfood,,"EM, SSC",,916,599,349
8/28/2014,ALM,,,Hoop,SRMP TEAM 2014,-,917,83,526
7/27/2011,UPR,,,Hoop,"MV, CR",rusty wagon,918,889,527
5/21/2013,ALM,Picnic Rock,,Hoop,"MM, NYU",,919,124,63
7/22/2013,ALM,Dam - NW corner,,Hoop,Falk/Florio,,920,505,297
7/17/2014,,NE,Catfood,,"EM, SSC",,921,55,18
7/18/2014,,Picnic Rock,Fish,,"EM, SSC",,922,893,530
7/27/2010,UPR,fallen tree,,Hoop,"MV. SK, KP",,923,894,531
7/17/2014,,NE,Sardines,,"EM, SSC",,924,390,226
7/28/2011,ALM,beach,,Hoop,"MV, RC, KP",,925,896,533
7/18/2014,,,Catfood,,"EM, SSC",,926,678,401
7/22/2014,,E,Tuna,,"EM, SSC",,927,126,58
7/27/2011,ALM,damside,,Hoop,"MV, CR",,928,285,171
7/23/2014,,E,Tuna,,"EM, SSC",,929,79,33
7/8/2015,ALM,,,Hoop,SSC - Ed,Sardines,930,305,187
7/17/2015,ALM,SE,,Hoop,,,931,828,490
8/25/2015,ALM,,,Hoop,,,932,199,114
7/17/2014,,NE,Sardines,,"EM, SSC",,933,390,226
7/24/2014,,E,Catfood,,"EM, SSC",,934,75,32
7/22/2014,,E,Catfood,,"EM, SSC",,935,56,18
7/18/2014,,Picnic Rock,Fish,,"EM, SSC",Fungus on Shell,936,907,542
8/25/2015,ALM,,,Hoop,,,937,199,114
6/17/2011,ALM,dock,,Hoop,"MV, JS. SG",,938,123,65
5/21/2013,ALM,Dam Cove,,Hoop,"MM, NYU",,939,174,98
7/8/2015,ALM,,,Hoop,SSC - Ed,Sardines,940,305,187
7/14/2015,ALM,North,,Hoop,SSC - Seth,"Cloaca - 17.19, Tail - 42.43",941,912,547
6/23/2011,ALM,dock,,Hoop,"MV, RC",,942,66,26
7/15/2014,SPG,Diverson,,hoop,,,943,914,549
6/10/2011,ALM,damside,,Hoop,"MV, JS, RC, KP, SG",,944,40,14
6/14/2011,ALM,dock,,Hoop,"MV, JS. SG",,945,123,65
6/17/2011,ALM,dock,,Hoop,"MV, JS. SG",,946,123,65
8/28/2014,ALM,,,-,SRMP TEAM 2014,"on log, jumped off",947,917,552
7/8/2015,ALM,,,Hoop,SSC - Ed,Sardines,948,305,187
7/17/2015,ALM,East,,Hoop,,,949,781,467
7/7/2010,UPR,by beach,,Hoop,,extra scute on plastron,950,920,555
7/8/2010,UPR,fallen tree,,Hoop,,,951,833,493
6/14/2011,ALM,dock,,Hoop,"MV, JS. SG",,952,123,65
6/23/2011,ALM,dock,,Hoop,"MV, RC",,953,66,26
7/10/2015,ALM,,,Hoop,SSC - Ed,Catfood,954,535,314
7/17/2015,ALM,SE,,Hoop,,Originally listed as Css,955,924,557
7/21/2011,SUT,swamp,,Hoop,"MV, RC, SG",,956,142,78
7/7/2015,SUT,,,Hoop,SSC - Ed,Sardines,957,661,386
7/7/2010,ALM,Dam Cove,,Hoop,"MV, JB",shedding,958,927,560
7/22/2014,,E,Tuna,,"EM, SSC",,959,126,58
7/17/2015,ALM,East,,Hoop,,,960,781,467
7/20/2010,UPR,fallen tree,,Hoop,,scar on plastron,961,930,
7/24/2014,,E,Catfood,,"EM, SSC",,962,75,32
7/7/2015,ALM,North,,Hoop,SSC,Catfood,963,655,383
7/27/2010,SUT,boat dock,,Hoop,,shedding,964,786,470
7/13/2011,SUT,dock,,Hoop,"MV, MM",,965,934,566
7/18/2014,ALM,Cove,Sardines,,"EM, SSC",,966,935,567
8/26/2014,ALM,,,Hoop,SRMP TEAM 2014,"clearwater, hot weather, detritus nearby (trap was by the bank of the pond) cat food",967,936,568
8/25/2015,ALM,,,Hoop,,,968,199,114
7/25/2014,,E,Catfood,,"EM, SSC",,969,132,67
7/17/2014,,NE,Sardines,,"EM, SSC",,970,390,226
8/25/2015,ALM,,,Hoop,,,971,199,114
7/22/2014,,NW,Catfood,,"EM, SSC",,972,414,241
7/22/2014,,NW,Catfood,,"EM, SSC",,973,414,241
6/10/2011,ALM,damside,,Hoop,"MV, JS, RC, KP, SG",,974,40,14
6/28/2011,ALM,damside,,Hoop,"RC, GS",used potted meat,975,943,574
7/7/2010,ALM,Dam Cove,,Hoop,"MV, JB",shedding at possible bite mark,976,862,575
7/27/2010,SUT,boat dock,,Hoop,,,977,945,576
7/8/2011,SUT,log near road,,Hoop,"MV, RC",tag in right leg but hard to read,978,946,577
7/25/2013,ART,,,Hoop,Falk/Florio,,979,947,578
7/18/2014,ALM,Cove,Sardines,Hoop,"EM, SSC",,980,948,579
6/10/2011,ALM,dock,,Hoop,"RC, KP, SG",algae growing on shell,981,949,580
6/23/2011,ALM,dock,,Hoop,"MV, RC",,982,66,26
7/18/2014,,,Catfood,,"EM, SSC",,983,678,401
7/18/2014,,Picnic Rock,Catfood,,"EM, SSC",,984,952,583
7/18/2014,,Picnic Rock,Fish,,"EM, SSC",,985,893,530
7/7/2010,ALM,Dam Cove,,Hoop,"MV, JB",crack in plastron,986,954,585
6/23/2011,ALM,dock,,Hoop,"MV, RC",,987,66,26
6/28/2011,ALM,damside,,Hoop,"RC, GS",used potted meat,988,943,574
7/9/2015,ALM,East,,Hoop,SSC,Catfood,989,80,33
7/21/2010,UPR,fallen tree,,Hoop,"MV, MM",,990,957,588
6/1/2011,UPR,inlet,,Hoop,"MV, GS, C",,991,883,521
6/7/2011,UPR,rusty wagon,,Hoop,"MV, KP",,992,959,590
6/9/2011,UPR,inlet,,Hoop,"MV, JS",,993,959,590
7/17/2014,,NE,Sardines,,"EM, SSC",,994,390,226
7/23/2014,,E,Tuna,,"EM, SSC",,995,79,33
7/14/2010,ALM,Dam Cove,,Hoop,"MV, WS, MM",,996,38,14
8/28/2013,ALM,C East,,Hoop,SRMP TEAM 2013,,997,160,85
7/23/2014,,E,catfood,,"EM, SSC",,998,506,297
7/10/2015,ALM,,,Hoop,SSC - Ed,Catfood,999,535,314
6/1/2011,UPR,inlet,,Hoop,"MV, GS, C",,1000,883,521
7/27/2011,UPR,rusty wagon,,Hoop,"MV, CR",shedding,1001,966,594
8/28/2013,ALM,C East,,Hoop,SRMP TEAM 2013,,1002,160,85
7/7/2010,ALM,Dam Cove,,Hoop,"MV, JB",,1003,968,596
6/5/1997,ART,,,hoop,McKinsey,Discrepancy with original data (113931764A transcribed),1004,969,597
6/5/1997,ART,,,hoop,McKinsey,Nuchal and 1 broken,1005,970,598
6/5/1997,ART,,,hoop,,,1006,971,599
6/5/1997,SUT,,,hoop,,,1007,972,600
7/7/2004,SUT,West side,,hoop,Karrmann,old notches found: L8 . Turtles found basking on log nearby,1008,973,600
8/3/2004,SUT,West side,,hoop,,,1009,974,601
6/5/1997,SUT,,,hoop,,,1010,972,600
6/7/1997,SPG,,,hoop,,,1011,976,603
8/27/2003,SPG,Dam NW end,,hoop,,,1012,,
9/26/2004,SPG,SE cove,,hoop,,,1013,978,603
6/7/1997,SUT,,,hoop,,,1014,979,604
6/9/1997,SUT,,,hoop,,,1015,980,605
6/11/1997,SUT,,,hoop,,,1016,178,606
6/13/1997,ART,,,hoop,,,1017,981,607
6/15/1997,SPG,,,hoop,,,1018,976,608
6/16/1997,SPG,,,hoop,,,1019,83,609
6/18/1997,SPG,,,hoop,,,1020,980,610
6/22/1997,SPG,,,hoop,,,1021,984,611
6/21/2004,SPG,SE cove,,hoop,,,1022,985,612
6/22/1997,SPG,,,hoop,,,1023,984,611
6/25/1997,SPG,,,hoop,,,1024,987,614
6/25/1997,SUT,,,hoop,,,1025,189,615
7/10/1997,SPG,,,hoop,,,1026,989,616
7/10/1997,SUT,,,hoop,,,1027,990,617
6/9/2001,SPG,SE cove,,hand,,,1028,991,618
7/31/2004,SPG,SE cove,,hoop,Karrmann,,1029,992,619
9/14/2003,SPG,Dam NW end,,hoop,,,1030,,
8/14/2004,SPG,SE cove,,hoop,,,1031,994,621
7/31/2004,SPG,SE cove,,hoop,,,1032,995,622
8/3/2004,JIM,SE Cove,,hoop,,,1033,996,623
7/16/2014,SUT,West side,,hoop,,,1034,997,624
7/16/2014,SUT,West side,,hoop,,,1035,997,624
6/22/1997,ART,,,hoop,McKinsey,previously notched!! (9 is rough mark) MIGRANT - ALM 14/21 SEP 96,1036,,
6/24/1997,ART,,,hoop,McKinsey,,1037,1000,627
7/2/2004,ART,canoe launch,,bask-m,Karrmann,trap relocated to East bank Migrant - in ALM 24 Aug 04,1038,,
8/14/2004,ART,E side,,bask-m,Karrmann,SAW NOTCHES RATHER THAN FILE NOTCHES,1039,1002,629
6/22/1997,ART,,,hoop,McKinsey,,1040,127,630
6/25/1997,ART,,,hoop,McKinsey,,1041,127,631
7/10/1997,ART,,,hoop,McKinsey,,1042,477,632
6/23/2003,ART,South Inlet,,bask-p,Karrmann,,1043,1006,633
7/20/2003,ART,South Inlet,,bask-p,Karrmann,,1044,1007,634
8/7/2004,ART,South Inlet,,hoop,Karrmann,,1045,1008,635
8/14/2004,ART,E side,,bask-m,Karrmann,"MISSING RR FOOT, R9,10 DAMAGED",1046,670,636
10/25/2003,ART,South Inlet,,hoop,Karrmann,very red ventral marginals,1047,1010,637
9/16/2004,ART,E side,,bask-m,Karrmann,,1048,1011,638
8/3/2004,JIM,SE Cove,,hoop,Karrmann,,1049,1012,639
8/3/2004,JIM,SE cove,,hoop,Karrmann,,1050,1013,640
9/16/2004,JIM,SE cove,,bask-m,Karrmann,,1051,1014,641
8/3/2004,JIM,SE Cove,,hoop,Karrmann,NATURAL NOTCH BETWEEN R10 &9,1052,1015,642
9/16/2004,JIM,SE Cove,,hoop,Karrmann,Age 6+?,1053,1016,643
9/16/2004,JIM,SE Cove,,hoop,Karrmann,Damaged plastron,1054,1017,644
9/19/2004,JIM,SE cove,,hoop,Karrmann,Trap flooded; water levels rose 1-2 ft; reset in shallow water,1055,502,295
9/16/2004,JIM,SE Cove,,hoop,Karrmann,R11 may be natural. Truncated tail.,1056,1019,646
8/3/2004,JIM,SE Cove,,hoop,Karrmann,NO BLOTCH BUT DISALIGNED,1057,,
8/3/2004,JIM,SE cove,,hoop,Karrmann,"HIGHLY MARGINATA, SHEDDING",1058,1021,648
9/28/2003,JIM,SE cove,,hoop,Karrmann,,1059,1022,649
9/19/2004,JIM,SE cove,,hoop,Karrmann,Trap flooded; water levels rose 1-2 ft; reset in shallow water,1060,502,295
6/16/1997,SPG,,,hoop,McKinsey,tail tip broken,1061,1024,650
6/21/1997,SPG,,,hoop,McKinsey,,1062,516,651
6/27/1997,SPG,,,hoop,McKinsey,,1063,1026,652
6/28/1997,SPG,,,hoop,McKinsey,,1064,306,653
7/21/2004,SPG,SE cove,,hoop,Karrmann,,1065,1028,654
7/1/1997,SPG,,,hoop,McKinsey,,1066,228,655
8/27/2003,SPG,Dam NW end,,hoop,Karrmann,"R 9,10 ""natural notch"", very irregular dorsal scutes, tail tip missing & broken",1067,,
9/2/2003,SPG,Dam NW end,,hoop,Karrmann,,1068,,
6/21/2004,SPG,SE cove,,hoop,Karrmann,"possible notches L10 R11; 7L coastal, 6R coastal",1069,1032,658
7/11/2004,SPG,SE cove,,hoop,Karrmann,red central blotch on plastron,1070,1033,659
9/4/2004,SPG,SE cove,,hoop,Karrmann,,1071,1034,660
9/4/2004,SPG,SE cove,,hoop,Karrmann,,1072,1034,660
6/30/1997,SPG,,,hoop,McKinsey,,1073,999,662
6/25/2004,SPG,SE co,,bask-m,Karrmann,,1074,1037,662
8/17/2003,SPG,Dam SE end,,bask-p,Karrmann,,1075,,
7/11/2004,SPG,SE cove,,hoop,Karrmann,,1076,1039,663
6/21/2004,SPG,SE cove,,hoop,Karrmann,R5 very large possible natural dorsal disalignment,1077,1040,664
7/11/2004,SPG,SE cove,,hoop,Karrmann,indentation R5,1078,1041,664
6/9/2001,SPG,,,hoop,Karrmann,notch in R1 was existing - likely environmental,1079,1042,665
6/25/2004,SPG,SE cove,,hoop,Karrmann,PICKEREL - 40CM (TRAP RESET),1080,,
8/14/2004,SPG,SE cove,,hoop,Karrmann,,1081,1044,666
7/9/2004,SPG,SE cove,,hoop,Karrmann,reset air temp 27.3,1082,1045,667
9/4/2004,SPG,SE cove,,hoop,Karrmann,,1083,1034,660
7/7/2004,SPG,SE cove,,hoop,Karrmann,reduced blotch removed two small sunfish,1084,1047,668
7/23/2004,SPG,SE cove,,hoop,Karrmann,,1085,1048,669
9/4/2004,SPG,SE cove,,hoop,Karrmann,,1086,1034,660
9/16/2004,SPG,SE cove,,hoop,Karrmann,Missing one toe,1087,1050,668
9/26/2004,SPG,SE cove,,hoop,Karrmann,Drowned; trap collapsed (both spreaders missing),1088,,
6/5/1997,SUT,,,hoop,McKinsey,,1089,1052,671
6/11/1997,SUT,,,hoop,McKinsey,,1090,1053,672
6/13/1997,SUT,,,hoop,McKinsey,tip of tail chopped off,1091,165,673
6/14/1997,SUT,,,hoop,McKinsey,,1092,1054,674
6/20/1997,SUT,,,hoop,McKinsey,not notched,1093,1026,675
6/21/1997,SUT,,,hoop,McKinsey,,1094,1024,676
6/28/1997,SUT,,,hoop,McKinsey,,1095,1057,677
6/28/1997,SUT,,,hoop,McKinsey,notch btwn 11-12 on right,1096,,
7/13/1997,SUT,Swamp,,hoop,McKinsey,,1097,1000,679
7/22/2011,SUT,dock,,Hoop,"MV, RC, SG",,1098,1060,679
9/4/2004,SUT,West side,,hoop,Karrmann,,1099,1061,681
6/6/1997,SUT,,,hoop,McKinsey,colored spot on plastron near tail,1100,228,682
6/7/1997,SUT,,,hoop,McKinsey,,1101,306,683
6/20/1997,SUT,,,hoop,McKinsey,not notched,1102,1026,675
6/20/1997,SUT,,,hoop,McKinsey,MIGRANT - in JIM 03 AUG 04,1103,292,685
8/3/2004,JIM,SE Cove,,hoop,Karrmann,MIGRANT - in SUT 20 JUN 97,1104,1066,685
9/19/2004,JIM,SE cove,,hoop,Karrmann,Trap flooded; water levels rose 1-2 ft; reset in shallow water MIGRANT - in SUT 20 JUN 97,1105,,
6/28/1997,SUT,,,hoop,McKinsey,,1106,1057,677
6/28/1997,SUT,,,hoop,McKinsey,plastron blackened on ends,1107,167,687
6/29/1997,SUT,,,hoop,McKinsey,,1108,165,688
7/10/1997,SUT,,,hoop,McKinsey,,1109,103,689
7/12/1997,SUT,,,hoop,McKinsey,,1110,189,690
7/13/1997,SUT,,,hoop,McKinsey,,1111,181,691
8/3/1997,SUT,,,hoop,McKinsey,,1112,1073,692
9/4/2004,SUT,West side,,hoop,Karrmann,RR foot missing and tip of tail missing,1113,1074,693
9/16/2004,SUT,West side,,hoop,Karrmann,,1114,536,316
9/16/2004,SUT,West side,,hoop,Karrmann,,1115,536,316
9/26/2004,SUT,West side,,hoop,Karrmann,"large sunfish in trap, body eaten by?",1116,1077,696
7/12/1997,SUT,,,hoop,McKinsey,,1117,189,690
6/8/2001,SUT,road,,hand,Karrmann,on road returning from nest,1118,1079,698
6/25/1997,SPG,,,hoop,McKinsey,notch in plastron near head MIGRANT - SUT 06 SEP 01,1119,,
9/6/2001,SUT,,,hoop,Munson,MIGRANT - SPG 25 JUN 97,1120,1081,700
6/5/1997,SUT,,,hoop,McKinsey,previously marked 0-1,1121,1057,701
9/28/2003,SUT,West side,,hoop,Karrmann,damaged carapace (appears run over - old injury),1122,1083,701
6/25/2004,SUT,West side,,hoop,Karrmann,OLD COMPRESSION FRACTURE RC2 DAMAGE V2 LC2,1123,1084,701
6/28/1997,SUT,,,hoop,McKinsey,tail end missing,1124,1085,702
6/18/2004,SUT,West side,,bask-m,Karrmann,"Circular compression fractor left C2 into 3; 5 eggs in trap, 1 punctured-relatively fresh: tip of tale amputated, abnormal V4, fresh scraples L45 & V3, more damages-scrapes LC 2 3, 5 26 SEP after incubation eggs all checked - all bad",1125,,
6/25/2004,SUT,West side,,hoop,Karrmann,SEE NOTES A WEEK AGO,1126,1087,702
7/31/2004,SUT,West side,,hoop,Karrmann,CIRCULAR COMPRESSION FRACTURE,1127,1088,702
9/1/2004,SUT,West side,,bask-m,Karrmann,,1128,1089,702
9/16/2004,SUT,West side,,hoop,Karrmann,,1129,536,316
8/7/2004,SUT,West side,,hoop,Karrmann,leeches present,1130,1091,703
6/19/1997,SUT,,,hoop,McKinsey,"notch not kept, no alcohol",1131,1092,704
6/21/2004,SUT,West side,,hoop,Karrmann,,1132,1093,705
6/6/1997,SUT,,,hoop,McKinsey,,1133,980,706
9/6/2003,SUT,West side,,hoop,Karrmann,collapsed trap,1134,1094,706
7/9/2004,SUT,West side,,hoop,Karrmann,,1135,1095,707
7/11/2004,SUT,West side,,hoop,Karrmann,,1136,1096,706
7/12/2004,SUT,West side,,hoop,Karrmann,,1137,1097,706
7/16/2004,SUT,West side,,hoop,Karrmann,,1138,1098,706
8/14/2004,SUT,West side,,hoop,Karrmann,NOSE WORN AGAINST NET,1139,1099,708
9/4/2004,SUT,West side,,hoop,Karrmann,Nose worn against net,1140,1100,706
9/16/2004,SUT,West side,,hoop,Karrmann,Nose very worn--took pics,1141,1101,706
6/13/1997,SUT,,,hoop,,,1142,627,359
6/24/2000,SUT,West side,,hoop,Karrmann,Notch data derived from matching PIT data,1143,1102,710
7/11/2004,SUT,West side,,hoop,Karrmann,,1144,1096,706
7/15/2014,BS,Road,,hoop,ssc,Beaver Swamp at Diversion,1145,1104,712
6/13/1997,ART,,,hoop,McKinsey,MIGRANT - SUT 06 SEP 01,1146,165,713
7/13/1997,ART,,,hoop,McKinsey,MIGRANT - SUT 06 SEP 01,1147,165,713
9/6/2001,SUT,,,hoop,Munson,Notch code entered based on existing data from PIT match MIGRANT - ART JUN/JUL 97,1148,,
6/12/1997,TMR,,,hoop,McKinsey,,1149,1107,715
6/15/1997,TMR,,,hoop,McKinsey,,1150,1054,716
6/17/1997,TMR,,,hoop,McKinsey,MIGRANT - ART 12 OCT 03,1151,1109,717
10/12/2003,ART,South Inlet,,bask-p,Karrmann,MIGRANT - TMR 17 JUN 97,1152,1110,717
9/1/2004,ART,E side,,bask-m,Karrmann,Fourth turtle outside trap attempting to interact with turtles inside Migrant - in TMR 24 JUN 97,1153,,
6/24/1997,TMR,,,hoop,McKinsey,Migrant - in ART 01 SEP 04,1154,259,718
9/1/2004,ART,E side,,bask-m,Karrmann,Fourth turtle outside trap attempting to interact with turtles inside Migrant - in TMR 17 JUN 97,1155,,
9/16/2004,ART,E side,,bask-m,Karrmann,Migrant - in TMR 24 JUN 97,1156,1114,719
6/24/1997,TMR,,,hoop,McKinsey,,1157,228,720
6/26/1997,TMR,,,hoop,McKinsey,end of tail missing,1158,1116,721
9/2/2003,TMR,NE corner,,hoop,Karrmann,"turtles surfacing basking all specimens VERY RED - not orange, faded, etc",1159,,
9/21/2003,TMR,NE corner,,hoop,Karrmann,,1160,1118,723
6/24/1997,TMR,,,hoop,McKinsey,,1161,228,720
8/30/2003,TMR,NE corner,,hoop,Karrmann,,1162,1120,725
9/2/2003,TMR,NE corner,,hoop,Karrmann,turtles surfacing basking,1163,1121,726
9/2/2003,TMR,NE corner,,hoop,Karrmann,"L1 questionable? turtles surfacing basking all specimens VERY RED - not orange, faded, etc",1164,,
9/14/2003,TMR,NE corner,,hoop,Karrmann,all very red again - turtles basking on logs,1165,1123,728
7/12/2004,TMR,NE corner,,hoop,Karrmann,,1166,1124,729
6/24/1997,TMR,,,hoop,McKinsey,"later recorded as L0, R10 too small for PIT",1167,,
8/27/2003,TMR,TP,,hoop,Karrmann,"previously recorded as L1, R10 trap moved to SW corner",1168,,
7/15/2003,TMR,TP,,hoop,Karrmann,,1169,763,458
8/30/2003,TMR,NE corner,,hoop,Karrmann,,1170,1120,725
9/2/2003,TMR,NE corner,,hoop,Karrmann,R7 questionable? turtles surfacing basking,1171,,
9/21/2003,TMR,NE corner,,hoop,Karrmann,,1172,1118,723
8/27/2003,TMR,NE corner,,snrkl,Karrmann,trap moved to SW corner,1173,1131,733
9/2/2003,TMR,NE corner,,hoop,Karrmann,"turtles surfacing basking all specimens VERY RED - not orange, faded, etc",1174,,
9/2/2003,TMR,NE corner,,hoop,Karrmann,"turtles surfacing basking all specimens VERY RED - not orange, faded, etc",1175,,
9/14/2003,TMR,NE corner,,hoop,Karrmann,all very red again - turtles basking on logs,1176,1123,728
6/12/1997,TMR,,,hoop,McKinsey,,1177,1107,715
9/21/2003,TMR,NE corner,,hoop,Karrmann,,1178,1118,723
6/11/1997,TMR,,,hoop,McKinsey,"lost notch, tail coming off at 24mm",1179,127,736
9/21/2003,TMR,NE corner,,hoop,Karrmann,"R4 barely visible (grown out), deformed tail",1180,1137,737
8/27/2003,TMR,TP,,hoop,Karrmann,extra dorsal scutes between V1 and RC1/LC1 trap moved to SW corner,1181,,
9/6/2003,TMR,NE corner,,hoop,Karrmann,"extra dorsal scutes between V1 and RC1/LC1 turtles surfacing basking all specimens VERY RED - not orange, faded, etc",1182,,
9/28/2003,TMR,NE corner,,hoop,Karrmann,,1183,1140,739
10/12/2003,TMR,NE corner,,hoop,Karrmann,L 10/11 margin?,1184,1139,739
8/7/2004,TMR,NE corner,,hoop,Karrmann,,1185,766,459
9/6/2003,TMR,NE corner,,hoop,Karrmann,"turtles surfacing basking all specimens VERY RED - not orange, faded, etc",1186,,
11/1/2003,TMR,NE corner,,hoop,Karrmann,trap removed for season,1187,1144,740
7/11/2004,TMR,NE corner,,hoop,Karrmann,"L1,L10,L12,R1,R2,R10 some notches dents plastron blotching, no disalignment",1188,1145,740
7/27/2004,TMR,NE corner,,hoop,Karrmann,PH 5.2 (ORANGE),1189,1146,740
7/31/2004,TMR,NE corner,,hoop,Karrmann,SMALL PLASTRON BLOTCH,1190,1147,740
9/6/2003,TMR,NE corner,,hoop,Karrmann,"turtles surfacing basking all specimens VERY RED - not orange, faded, etc",1191,,
7/31/2004,TMR,NE corner,,hoop,Karrmann,"C 8,9 R 9,10 - NOTCHES?",1192,1149,741
7/20/2011,SUT,swamp,,Hoop,"MV, SG",slight shedding,1193,1150,741
6/8/1997,TMR,,,hoop,McKinsey,"""stubby"" missing rear right foot",1194,189,743
8/27/2003,TMR,TP,,hoop,Karrmann,"Right foot missing (leg OK to ankle), gap between nuchal and R1, left bridge compressed/indented trap moved to SW corner",1195,,
7/31/2004,TMR,NE corner,,hoop,Karrmann,"LARGE 'NOTCH' BY NUCHAL, R R FOOT MISSING SMALL PLASTRON BLOTCH",1196,1153,744
6/24/1997,ART,,,hoop,McKinsey,Migrant - in Tmr 31 Jul 04,1197,189,745
7/31/2004,TMR,NE corner,,hoop,Karrmann,Migrant - in ART 24 Jun 97,1198,1154,746
9/28/2003,TMR,NE corner,,hoop,Karrmann,,1199,1140,739
8/14/2004,TMR,NE corner,,hoop,Karrmann,,1200,1156,747
6/7/1997,TMR,,,hoop,McKinsey,"nuchal, 1 right, 1 left broken",1201,1157,748
6/12/1997,TMR,,,hoop,McKinsey,,1202,1107,715
6/14/1997,TMR,,,hoop,McKinsey,,1203,1159,750
6/14/1997,TMR,,,hoop,McKinsey,,1204,1159,750
6/21/1997,TMR,,,hoop,McKinsey,concave plastron; discrepancy with original data (115519555A transcribed),1205,1161,752
7/11/2004,TMR,NE corner,,hoop,Karrmann,Hole L10,1206,1162,753
6/12/1997,TMR,,,hoop,McKinsey,,1207,1107,715
7/25/2003,TMR,TP,,hoop,Karrmann,Trap removed,1208,1163,754
9/6/2003,TMR,NE corner,,hoop,Karrmann,,1209,1164,754
9/14/2003,TMR,NE corner,,hoop,Karrmann,all very red again - turtles basking on logs,1210,1123,728
7/11/2004,TMR,NE corner,,hoop,Karrmann,,1211,1166,754
6/26/1997,TMR,,,hoop,McKinsey,,1212,1167,756
6/27/2004,TMR,NE corner,,hoop,Karrmann,Too many rings to count and worn,1213,1168,757
6/6/1997,TMR,,,hoop,McKinsey,,1214,1169,758
7/19/2003,TMR,TP,,hoop,Karrmann,,1215,1170,759
7/5/2004,TMR,NE corner,,hoop,Karrmann,reset,1216,1171,760
7/9/2004,TMR,NE corner,,hoop,Karrmann,reset,1217,1172,759
6/7/1997,TMR,,,hoop,McKinsey,,1218,1173,761
8/3/2004,TMR,NE corner,,hoop,Karrmann,,1219,1174,762
7/16/1997,TMR,,,hoop,McKinsey,,1220,1175,763
9/28/2003,TMR,NE corner,,hoop,Karrmann,,1221,1140,739
8/3/2004,TMR,NE corner,,hoop,Karrmann,,1222,1174,762
6/1/2002,UPR,SW cove,,hoop,Karrmann,palpated - no eggs - pit added 02 Jun 03,1223,1178,765
6/1/2003,UPR,SW cove,,bask-m,Karrmann,reduced plastral blotch - wide dorsal margin - mild offset (1-2mm),1224,1179,766
9/15/2002,UPR,Dam,,bask-p,Karrmann,13 marginal scutes; L13 notched PIT added 26 AUG 03,1225,,
10/5/2002,UPR,Dam,,bask-p,Karrmann,Thirteen marginal scutes PIT added 26 AUG 03,1226,,
6/23/2003,UPR,SW cove,,bask-m,Karrmann,PIT in right leg,1227,1181,768
8/17/2003,UPR,south cove,,bask-m,Karrmann,Turtles surface basking. 13 Marginals on both sides,1228,,
8/24/2003,UPR,south cove,,bask-m,Karrmann,13 marginals each side,1229,1183,769
7/7/2004,UPR,south cove,,bask-m,Karrmann,13 marginals on both sides,1230,1185,767
7/9/2004,UPR,south cove,,hoop,Karrmann,reset 13 marginal on L & R,1231,1186,770
9/4/2004,UPR,south cove,,bask-m,Karrmann,13 marginals both sides,1232,1187,767
9/26/2004,UPR,south cove,,hoop,Karrmann,13 marginal both sides,1233,1188,767
6/8/2002,UPR,island,,hoop,Karrmann,,1234,1189,771
7/2/2004,UPR,south cove,,bask-m,Karrmann,,1235,1190,772
7/31/2004,UPR,south cove,,bask-m,Karrmann,,1236,820,488
6/1/2011,UPR,inlet,,Hoop,"MV, GS, C",,1237,883,521
8/4/2002,UPR,SW cove,,bask-p,Karrmann,,1238,1193,775
8/30/2003,UPR,south cove,,bask-m,Karrmann,turtles surface basking,1239,1194,776
9/4/2004,UPR,south cove,,bask-m,Karrmann,notches redone,1240,1195,777
6/9/2011,UPR,rusty wagon,,Hoop,"MV, JS",,1241,1196,776
9/26/2004,UPR,south cove,,hoop,Karrmann,tumor right cheek,1242,1197,779
7/18/2002,UPR,SW cove,,bask-p,Karrmann,"R9 damaged, R10, 11, 12 reduced; plastron faint dark pattern",1243,1198,780
8/24/2003,UPR,south cove,,bask-m,Karrmann,,1244,1199,781
8/24/2004,UPR,south cove,,bask-m,Munson,,1245,1200,782
9/16/2004,UPR,south cove,,bask-m,Karrmann,,1246,1201,781
8/4/2002,UPR,SW cove,,hoop,Karrmann,PIT added 16 SEP 03,1247,1202,783
9/14/2003,UPR,south cove,,bask-m,Karrmann,specimens redder in pigment today than in past - more like TMR turtles surfacing basking,1248,,
7/16/2004,UPR,south cove,,bask-m,Karrmann,,1249,1204,784
8/31/2002,UPR,Dam,,bask-p,Karrmann,"R10 possible saw notch, anterior carapace edge L2-R2 irregular. Length measurement centerline because L1-R1 project.",1250,,
10/2/2004,UPR,south cove,,hoop,Karrmann,,1251,1206,785
6/1/2011,UPR,inlet,,Hoop,MM,,1252,1207,786
7/21/2002,UPR,SW cove,,bask-p,Karrmann,,1253,1208,787
9/15/2002,UPR,Dam,,bask-p,Karrmann,"Scar across RC1,2 see 430E461363",1254,,
8/4/2002,UPR,dam,,hoop,Karrmann,,1255,1210,788
8/24/2003,UPR,south cove,,bask-m,Karrmann,,1256,1199,781
8/27/2003,UPR,south cove,,bask-m,Karrmann,,1257,1212,788
9/7/2002,UPR,Dam,,bask-p,Karrmann,Faint plastral blotching PIT added 29 AUG 03,1258,,
9/22/2002,UPR,Dam,,bask-p,Karrmann,Faint plastral blotching PIT added 29 AUG 03,1259,,
10/5/2002,UPR,Dam,,bask-p,Karrmann,PIT added 29 AUG 03,1260,1215,790
8/17/2003,UPR,south cove,,bask-m,Karrmann,Turtles surface basking,1261,1216,791
8/24/2003,UPR,south cove,,bask-m,Karrmann,,1262,1199,781
8/27/2003,UPR,south cove,,bask-m,Karrmann,,1263,1212,788
9/6/2003,UPR,south cove,,bask-m,Karrmann,turtles surfacing basking,1264,838,494
9/14/2003,UPR,south cove,,bask-m,Karrmann,specimens redder in pigment today than in past - more like TMR turtles surfacing basking,1265,,
9/21/2003,UPR,south cove,,bask-m,Karrmann,,1266,1221,789
6/1/2002,UPR,SW cove,,hoop,Karrmann,palpated - no eggs - pit added 02 Jun 03,1267,1178,765
6/1/2003,UPR,SW cove,,bask-m,Karrmann,reduced plastral blotch - wide dorsal margin - mild offset (1-2mm),1268,1179,766
8/30/2003,UPR,south cove,,bask-m,Karrmann,turtles surface basking,1269,1194,776
5/15/2004,UPR,inlet,,hoop,Karrmann,,1270,1225,794
6/8/2002,UPR,SW cove,,hoop,Karrmann,,1271,1226,795
6/15/2003,UPR,SW cove,,bask-m,Karrmann,Plain plastron-mild dorsal offset-gouge across RC1-2 canine?,1272,1227,796
8/11/2003,UPR,south cove,,snrkl,Karrmann,Scarring across RC12,1273,1228,795
7/11/2004,UPR,south cove,,snrkl,Karrmann,"2 turtles were on the hoop, one got away and 1 was caught, mumps",1274,1229,795
8/30/2003,UPR,south cove,,bask-m,Karrmann,turtles surface basking see 115115134A,1275,1230,797
6/25/2004,UPR,south cove,,bask-m,Karrmann,,1276,1231,798
7/5/2004,UPR,south cove,,bask-m,Karrmann,,1277,817,488
7/11/2004,UPR,south cove,,bask-m,Karrmann,,1278,1233,797
9/7/2002,UPR,Dam,,bask-p,Karrmann,PIT added 11 AUG 03,1279,1234,799
8/11/2003,UPR,south cove,,bask-m,Karrmann,"Odd grooves that look like cuts L6, R5 extending to RC2 and LC2",1280,1235,799
6/25/2004,UPR,south cove,,bask-m,Karrmann,ARTIFICAL LOOKING GROVE L6R5 AND L/R C2,1281,1236,800
7/16/2004,UPR,south cove,,snrkl,Karrmann,Jump of basking,1282,,
7/10/2002,UPR,SW cove,,bask-p,Karrmann,,1283,1238,801
8/25/2002,UPR,Dam,,bask-p,Karrmann,,1284,1239,802
9/22/2002,UPR,Dam,,bask-p,Karrmann,,1285,1240,802
7/31/2004,UPR,south cove,,hoop,Karrmann,,1286,1241,802
8/25/2002,UPR,Dam,,bask-p,Karrmann,PIT added 26 AUG 03,1287,1242,803
8/24/2003,UPR,south cove,,bask-m,Karrmann,,1288,1199,781
8/30/2003,UPR,south cove,,bask-m,Karrmann,turtles surface basking,1289,1194,776
7/16/2004,UPR,south cove,,snrkl,Karrmann,Jump of basking,1290,,
8/14/2004,UPR,south cove,,bask-m,Karrmann,,1291,1244,807
8/13/2002,UPR,SW cove,,bask-p,Karrmann,Shedding Plastron - PIT # added 14 JUN 03,1292,1247,808
8/25/2002,UPR,Dam,,bask-p,Karrmann,plastron - faint central blotch - PIT # added 14 JUN 03,1293,1247,808
6/8/2003,UPR,SW cove,,bask-m,Karrmann,"mild ventral blotch, various small dorsal offset",1294,1249,808
7/4/2003,UPR,SW cove,,bask-m,Karrmann,,1295,1250,808
8/24/2003,UPR,south cove,,bask-m,Karrmann,,1296,1199,781
8/27/2003,UPR,south cove,,bask-m,Karrmann,,1297,1212,788
8/30/2003,UPR,south cove,,bask-m,Karrmann,turtles surface basking,1298,1194,776
9/2/2003,UPR,south cove,,bask-m,Karrmann,turtles surfacing basking,1299,1254,808
9/6/2003,UPR,south cove,,bask-m,Karrmann,turtles surfacing basking,1300,838,494
9/14/2003,UPR,south cove,,bask-m,Karrmann,specimens redder in pigment today than in past - more like TMR turtles surfacing basking,1301,,
9/21/2003,UPR,south cove,,bask-m,Karrmann,,1302,1221,789
9/28/2003,UPR,south cove,,bask-m,Karrmann,,1303,1258,808
5/30/2004,UPR,S COVE,,bask-m,Karrmann,,1304,1258,808
6/18/2004,UPR,south cove,,bask-m,Karrmann,,1305,1250,808
6/21/2004,UPR,south cove,,bask-m,Karrmann,,1306,1254,808
6/25/2004,UPR,south cove,,bask-m,Karrmann,,1307,1231,798
6/27/2004,UPR,south cove,,bask-m,Karrmann,-,1308,1263,808
7/2/2004,UPR,south cove,,bask-m,Karrmann,,1309,1190,772
7/5/2004,UPR,south cove,,bask-m,Karrmann,,1310,817,488
7/9/2004,UPR,south cove,,bask-m,Karrmann,basking on top of trap,1311,,
7/16/2004,UPR,south cove,,bask-m,Karrmann,,1312,1204,784
7/21/2004,UPR,south cove,,bask-m,Karrmann,,1313,819,488
7/27/2004,UPR,south cove,,bask-m,Karrmann,,1314,1269,808
7/31/2004,UPR,south cove,,bask-m,Karrmann,,1315,820,488
8/3/2004,UPR,south cove,,bask-m,Karrmann,,1316,1267,808
8/24/2004,UPR,South End,,bask-m,Munson,,1317,1271,808
9/4/2004,UPR,south cove,,bask-m,Karrmann,shedding,1318,821,488
8/24/2003,UPR,south cove,,bask-m,Karrmann,,1319,1199,781
7/21/2004,UPR,south cove,,bask-m,Karrmann,,1320,819,488
7/24/2004,UPR,south cove,,bask-m,Karrmann,,1321,1274,811
9/16/2004,UPR,south cove,,bask-m,Karrmann,,1322,1201,781
9/15/2002,UPR,Dam,,bask-p,Karrmann,Shedding,1323,1276,812
6/21/2004,UPR,south cove,,bask-m,Karrmann,(new)?,1324,1277,812
7/2/2004,UPR,south cove,,bask-m,Karrmann,,1325,1190,772
7/5/2004,UPR,south cove,,bask-m,Karrmann,,1326,817,488
7/7/2004,UPR,south cove,,bask-m,Karrmann,,1327,1280,812
7/16/2004,UPR,south cove,,bask-m,Karrmann,small natural notch in L9,1328,1281,812
7/21/2004,UPR,south cove,,bask-m,Karrmann,EXTRA SCUTE BETWEEN PR1+ PL1,1329,1282,812
7/24/2004,UPR,south cove,,hoop,Karrmann,1 visible ring,1330,1283,812
7/27/2004,UPR,south cove,,bask-m,Karrmann,PLASTRON DEFORMED,1331,1284,812
8/3/2004,UPR,south cove,,bask-m,Karrmann,,1332,1267,808
8/7/2004,UPR,south cove,,bask-m,Karrmann,,1333,1283,812
8/14/2004,UPR,south cove,,bask-m,Karrmann,,1334,1244,807
9/4/2004,UPR,south cove,,bask-m,Karrmann,,1335,1280,812
9/16/2004,UPR,south cove,,bask-m,Karrmann,,1336,1201,781
6/8/2011,UPR,inlet,,Hoop,"MV, JS",,1337,1290,812
7/21/2004,UPR,south cove,,bask-m,Karrmann,R12?,1338,1291,814
8/24/2004,UPR,South End,,bask-m,Munson,,1339,1271,808
9/16/2004,UPR,south cove,,bask-m,Karrmann,,1340,1201,781
5/30/2004,UPR,S COVE,,bask-m,Karrmann,old round square notches,1341,1179,817
6/4/2004,UPR,INLET,,bask-m,Karrmann,palpated- no eggs,1342,1179,817
6/21/2004,UPR,south cove,,bask-m,Karrmann,,1343,1254,808
8/7/2004,UPR,south cove,,bask-m,Karrmann,,1344,1283,812
9/4/2004,UPR,south cove,,bask-m,Karrmann,shedding,1345,821,488
9/16/2004,UPR,south cove,,bask-m,Karrmann,,1346,1201,781
6/8/2011,UPR,rusty wagon,,Hoop,"MV, JS",white mark center carapace,1347,1300,817
6/8/2002,UPR,SW cove,,hoop,Karrmann,,1348,1226,795
7/24/2002,UPR,Island,,hoop,Karrmann,VERY OLD,1349,1302,820
7/24/2002,UPR,Island,,hoop,Karrmann,,1350,1303,821
6/13/2004,UPR,south cove,,hoop,Karrmann,13 MARGINALS,1351,1304,822
8/3/2004,UPR,south cove,,hoop,Karrmann,,1352,1305,823
6/13/2004,UPR,INLET,,hoop,Karrmann,,1353,1306,824
6/21/2004,UPR,south cove,,hoop,Karrmann,,1354,83,825
8/15/2002,UPR,Dam,,hand,Karrmann,,1355,1307,826
6/13/2004,UPR,INLET,,hoop,Karrmann,,1356,1306,824
6/25/2004,UPR,south cove,,hoop,Karrmann,,1357,1309,828
7/24/2004,UPR,SW cove,,snrkl,Karrmann,,1358,1310,829
6/1/2011,UPR,inlet,,Hoop,"MV, GS, C",,1359,883,521
6/1/2011,UPR,inlet,,Hoop,"MV, GS, C",,1360,883,521
6/2/2011,UPR,inlet,,Hoop,"MV, JS, RC",,1361,1313,832
6/2/2011,UPR,inlet,,Hoop,"MV, JS, RC",,1362,1313,832
6/8/2011,UPR,inlet,,Hoop,"MV, JS","huge, broken shell at top",1363,1315,834
6/8/2011,UPR,inlet,,Hoop,"MV, JS",,1364,1290,812
7/27/2011,SUT,far side,,Hoop,"MV, MM",,1365,1336,855
7/27/2011,UPR,rusty wagon,,Hoop,"MV, CR","chipped on carapace on R11, 12",1366,1318,837
7/28/2011,UPR,rusty wagon,,Hoop,"MV, RC, KP",,1367,774,466
7/27/2011,UPR,rusty wagon,,Hoop,"MV, CR",,1368,880,518
7/27/2011,UPR,rusty wagon,,Hoop,"MV, CR",,1369,880,518
7/27/2011,UPR,rusty wagon,,Hoop,"MV, CR",,1370,880,518
6/10/2011,UPR,inlet,,Hoop,"MV, JS",,1371,1322,841
7/27/2011,UPR,rusty wagon,,Hoop,"MV, CR",tag sticking out; moved to left leg,1372,1322,841
7/20/2011,SUT,far side,,Hoop,"MV, SG",,1373,74,31
7/20/2011,SUT,far side,,Hoop,"MV, SG",,1374,74,31
7/21/2011,SUT,swamp,,Hoop,"MV, RC, SG",,1375,142,78
7/21/2011,SUT,swamp,,Hoop,"MV, RC, SG",,1376,142,78
7/22/2011,SUT,far side,,Hoop,"MV, RC, SG",,1377,1327,846
7/27/2011,UPR,rusty wagon,,Hoop,"MV, CR",zig zag middle bottom scute,1378,1328,847
7/19/2011,SUT,swamp,,Hoop,"MV, KP",,1379,1329,848
7/28/2011,SUT,swamp,,Hoop,"MV, MM",,1380,792,469
6/1/2011,UPR,inlet,,Hoop,"MV, GS, C",,1381,883,521
7/19/2011,SUT,far side,,Hoop,"MV, KP",shedding,1382,1332,851
7/21/2011,SUT,swamp,,Hoop,"MV, RC, SG",tag on right can't read; new one on left,1383,1333,852
7/27/2011,UPR,rusty wagon,,Hoop,"MV, CR",had to put 2 tags b/c 1st didnt work,1384,1334,853
6/1/2011,UPR,inlet,,Hoop,"MV, GS, C",,1385,883,521
7/27/2011,UPR,rusty wagon,,Hoop,"MV, CR",,1386,880,518
7/27/2011,SUT,far side,,Hoop,"MV, MM",,1387,1336,855
7/13/2011,SUT,dock,,Hoop,"MV, MM",,1388,934,566
7/12/2011,SUT,swamp,,Hoop,"MV, RC",,1389,1338,856
7/7/2011,SUT,,,Hoop,"MV,MM",,1390,1339,857
7/13/2011,SUT,swamp,,Hoop,"MV, MM",,1391,1340,858
7/12/2011,SUT,far side,,Hoop,"MV, RC",shedding,1392,1341,859